course_id,course_url,user_name,user_url,score,content
7,http://www.icourse163.org/course/NJTU-1205723812,sjz小雨,www.icourse163.org/home.htm?userId=1148630596,5,老师讲得很好
7,http://www.icourse163.org/course/NJTU-1205723812,A竹叶子-美,www.icourse163.org/home.htm?userId=1151471704,5,从现在开始都不算晚，当下出发，看明天更好的风景
7,http://www.icourse163.org/course/NJTU-1205723812,mooc91650496056362025,www.icourse163.org/home.htm?userId=1397387565,4,真的学习巩固了不少知识！
7,http://www.icourse163.org/course/NJTU-1205723812,bjtu-18321083,www.icourse163.org/home.htm?userId=1143834516,5,好！！！！
8,http://www.icourse163.org/course/KMUST-1206675864,摸摸你的头mooc,www.icourse163.org/home.htm?userId=1144279683,5,零基础无压力
8,http://www.icourse163.org/course/KMUST-1206675864,mooc8883297559689656,www.icourse163.org/home.htm?userId=1407828014,5,讲的很好，学习了很多知识感谢老师  感谢中国大学慕课  太棒了
8,http://www.icourse163.org/course/KMUST-1206675864,时限mooc,www.icourse163.org/home.htm?userId=1397225715,5,重点讲解了知识点，有了这些基础再看论文就很简单了
8,http://www.icourse163.org/course/KMUST-1206675864,零mooc757,www.icourse163.org/home.htm?userId=1147323441,5,这个课程讲的很清晰，简洁明了是关键，学的挺好的。五星推荐哦
8,http://www.icourse163.org/course/KMUST-1206675864,L95,www.icourse163.org/home.htm?userId=1020247517,5,老师讲的非常通俗易懂
8,http://www.icourse163.org/course/KMUST-1206675864,我是葡萄藤,www.icourse163.org/home.htm?userId=1030539075,5,模糊控制那里讲的真的好清楚，书上好多东西都是一笔带过根本看不懂，看完视频一下就明白了！！！
8,http://www.icourse163.org/course/KMUST-1206675864,mooc5085431992937601,www.icourse163.org/home.htm?userId=1404026961,5,老师讲得很好，课堂上举的例子更多就更好了
8,http://www.icourse163.org/course/KMUST-1206675864,diang1,www.icourse163.org/home.htm?userId=1032009329,5,老师讲的挺好的，适合入门
8,http://www.icourse163.org/course/KMUST-1206675864,张守武ykt1535013122670,www.icourse163.org/home.htm?userId=1144297889,5,讲的非常浅显易懂
8,http://www.icourse163.org/course/KMUST-1206675864,一易mooc3,www.icourse163.org/home.htm?userId=1401825937,5,更新太慢啦老师
8,http://www.icourse163.org/course/KMUST-1206675864,mooc1511179485448,www.icourse163.org/home.htm?userId=1033668783,4,没有ppt
8,http://www.icourse163.org/course/KMUST-1206675864,用户7319065621,www.icourse163.org/home.htm?userId=1403406299,5,好看的视频呢
9,http://www.icourse163.org/course/swupl-1002084012,2017121223丁萧雪,www.icourse163.org/home.htm?userId=1387412962,5,课程非常棒！！！西政的老师们都非常认真负责，讲解细致，疯狂打call。网络学习的方式在时间和空间上少了许多限制，随时随地都可以网上学习，真正发挥我们学习的主观能动性。并且，学习的探究性更加深入，讨论区宽松的学习气氛使学生可以更好的发挥自己的聪明才智，相互帮助、促进，更好的解决问题。在网络背景下，学习是一种多向的信息交流活动，学生在获取不同的资源时可以进行比较，集思广益，相互之间取长补短，学习的知识也不再仅仅是书本上的死内容，而是更加灵活，取之有道。
9,http://www.icourse163.org/course/swupl-1002084012,2017121224马凇,www.icourse163.org/home.htm?userId=1387449671,5,很喜欢这门课程呀！视频教学形式可以充分利用好碎片时间，课后习题可以及时巩固所学知识，讨论区搭建起师生交流互动的平台，老师们教学认真、风格迥异、语言精练！！！为这门课程点赞，为西政的老师疯狂打call～
9,http://www.icourse163.org/course/swupl-1002084012,田璐2017121222李糠,www.icourse163.org/home.htm?userId=1387153438,5,真是太棒了，基础知识讲解清楚，各个老师风格鲜明，看完受益匪浅。
9,http://www.icourse163.org/course/swupl-1002084012,2017121225张小娟,www.icourse163.org/home.htm?userId=1387151448,5,课程内容详实丰富，课件清晰美观，重点突出，课后测验进一步巩固重点知识，相辅相成，讨论区还可以及时提问与老师进行交流，对民诉法学习是很棒的补充！谢谢老师们！
9,http://www.icourse163.org/course/swupl-1002084012,国际法谷陈可书2017011398,www.icourse163.org/home.htm?userId=1385702279,5,  民事诉讼是审判权与诉权综合作用的场，民诉诉讼也是解决纠纷的重要的终端的手段。  西政教授讲解的民诉这门课使我受益匪浅，老师语言优美雅致，讲解内容深入浅出，课后作业、随堂讨论都给予我无限的启发与思考——平等与效率、程序和实体……谢谢西政！谢谢西政民诉教研室！
9,http://www.icourse163.org/course/swupl-1002084012,完整Joun,www.icourse163.org/home.htm?userId=3316297,4,教学平实、易懂，但内容还是较为基础了，深度稍有欠缺。同时，如果适当增加案例化讲述或许会更好。
9,http://www.icourse163.org/course/swupl-1002084012,赵2017060309苏家维,www.icourse163.org/home.htm?userId=1387407134,5,内容详细，课程丰富，讲课方式严谨科学又不失诙谐，用充分的实例帮助学生理解所学课程以及复杂知识难点，传道授业解惑，真乃西政之典范也。
9,http://www.icourse163.org/course/swupl-1002084012,刘梅湘2017041152姚苏洪,www.icourse163.org/home.htm?userId=1385663285,5,各个老师思路清晰，风格各异，听到就是赚到，实名吹爆！！！
9,http://www.icourse163.org/course/swupl-1002084012,国际法曹翔2017011122,www.icourse163.org/home.htm?userId=1385703019,5,知识点讲解到位！网课也可以多次观看。
9,http://www.icourse163.org/course/swupl-1002084012,国际法谷夏余嘉2017041073,www.icourse163.org/home.htm?userId=1385697677,5,老师讲课思路清晰，重点突出，知识点明确。我学到了很多知识～
9,http://www.icourse163.org/course/swupl-1002084012,茅小盾,www.icourse163.org/home.htm?userId=1014854563,5,老师讲述很生动，希望可以多结合一些案例，以案说法，便于接受理解。
9,http://www.icourse163.org/course/swupl-1002084012,VIC8878,www.icourse163.org/home.htm?userId=1148595242,5,老师讲得很好
9,http://www.icourse163.org/course/swupl-1002084012,行王2017041068许笑铭,www.icourse163.org/home.htm?userId=1029201950,5,老师讲的不错，理论再讲细致一点，举一些例子就更好了。
9,http://www.icourse163.org/course/swupl-1002084012,包2017041378徐家豪,www.icourse163.org/home.htm?userId=1385826451,5,很好！很棒！
9,http://www.icourse163.org/course/swupl-1002084012,赵2017131042周凯璇,www.icourse163.org/home.htm?userId=1387408821,5,老师讲的很好，尤其是我们赵老师，很负责任，有理论深度，也有实践讲解，很棒
9,http://www.icourse163.org/course/swupl-1002084012,赵2017103030陈蓉,www.icourse163.org/home.htm?userId=1387311020,5,教学内容通俗易懂，老师授课思路清晰，重点突出。课堂讨论和课后习题都非常切合课题。
9,http://www.icourse163.org/course/swupl-1002084012,黄行2017041172苏禹臻,www.icourse163.org/home.htm?userId=1387432171,5,这个课程里老师讲解的都很细心，课后还会和大家讨论案例，答疑解惑！！！实在是太好辽～～
9,http://www.icourse163.org/course/swupl-1002084012,2017073040王婕,www.icourse163.org/home.htm?userId=1387106964,5,老师们讲得非常好，内容通俗易懂，把复杂的问题讲得简单又生动，对于课后的学习帮助十分大，为老师们点赞！
9,http://www.icourse163.org/course/swupl-1002084012,黄2017053035姚霄,www.icourse163.org/home.htm?userId=1388178470,5,这门课程非常棒，有许多亮点：首先，教学视频中各位老师的仪表整洁，讲授知识点条理非常清晰，让学习者有非常好的体验！并且，每一个视频都用短时间清楚讲授知识点，让学习者随时随地都能够进行学习！其次，课件内容摘自教学视频中的重点内容，方便学习者观看视频后的回顾，与日后复习。再次，课后练习紧密贴合法考真题，含金量非常高，便于学后巩固。并且，课堂交流区的案例选取社会热点问题，引人深思。另外，老师还会参与讨论，给讨论者们答疑解惑。总之，这绝对是一门非常用心、令...
9,http://www.icourse163.org/course/swupl-1002084012,2017081075沈佳贇,www.icourse163.org/home.htm?userId=1032689839,5,老师们教学认真，视频教学通俗易懂，课后习题可以及时巩固学到的知识，还可以在讨论区针对不懂的问题进行询问。真是一个促进我们学习民事诉讼法的好平台～～加油，冲呀！
9,http://www.icourse163.org/course/swupl-1002084012,2017131009牟贞牙,www.icourse163.org/home.htm?userId=1387661534,5,内容很好，课后测验也能抓住重点疑难问题，学的很愉快！
9,http://www.icourse163.org/course/swupl-1002084012,甘强-黄昊之-2017071029,www.icourse163.org/home.htm?userId=1387325720,5,课程内容丰富，课上教学视频中老师讲解十分清晰，课下的作业与讨论也非常地适合我们学生进行及时的复习。要是有问题的话，老师们和助教师兄师姐也会非常热情地回答问题。希望以后民事诉讼法课程在慕课上可以越办越好！
9,http://www.icourse163.org/course/swupl-1002084012,朱贺2017060190,www.icourse163.org/home.htm?userId=4759338,5,老师讲课有重点。逻辑调理清晰，很适合学生建立整体思维。有课后讨论，启发多样思考，使学与思结合，做到真正的主动性学习。
9,http://www.icourse163.org/course/swupl-1002084012,2017121010孙艺伦,www.icourse163.org/home.htm?userId=1386002840,5,在《民事诉讼法学》这门课中，各位大佬老师都有各自的讲课风格，重点突出，知识点讲解深入浅出、清晰透彻，能让观看者、学习者享受完美的学习体验，是一门不可多得的好课程。果断五星！
9,http://www.icourse163.org/course/swupl-1002084012,李雯婧2017041328,www.icourse163.org/home.htm?userId=1387134893,5,慕课的学习有助于我及时复习课堂知识。老师上课语言精简，便于理解配套的小练习能够及时巩固所学，总之，学有所获！方便快捷实用老师知识点讲的很到位！五星！
9,http://www.icourse163.org/course/swupl-1002084012,包冰锋2017041266任志鑫,www.icourse163.org/home.htm?userId=1385910064,5,老师真的特别棒！讲的很专业很详细！
9,http://www.icourse163.org/course/swupl-1002084012,包冰锋邹洋2017041276,www.icourse163.org/home.htm?userId=1387149753,5,五星好评，老师都很棒，教学风格很幽默，能够贴近学生从实际出发，简直太棒了，感谢老师的辛勤付出，笔芯
9,http://www.icourse163.org/course/swupl-1002084012,黄行罗铭峻2017041419,www.icourse163.org/home.htm?userId=1387432168,5,非常棒，老师讲的超赞！
9,http://www.icourse163.org/course/swupl-1002084012,行政法学院陈炀2017041019,www.icourse163.org/home.htm?userId=1385832964,5,有课件有讲授有习题，三位一体，融会贯通，五星好评
9,http://www.icourse163.org/course/swupl-1002084012,国-王-2017121122-冷晶,www.icourse163.org/home.htm?userId=1387229446,5,慕课《民事诉讼法学》的教学资料丰富，为师生搭建了交流互动的平台，学习体验很棒。从课堂讲解视频来说，知识点设置符合课本和法条的编排，方便学生根据自己的需求，有选择性地查看自己想重点学习的部分；视频长度刚刚合适，能够完整地讲清知识点又不拖沓。能够有效地使我们集中注意力，高效率学习；教学老师都是我校的优秀老师，能够让我听到不同老师的授课内容，拓宽实体课堂，方便快捷。本慕课设有课堂讨论区、作业和考核等，功能齐全，能够让我及时和其他同学交流讨论学术观点，快速向老...
9,http://www.icourse163.org/course/swupl-1002084012,国-王-2017121231-赵冬玲,www.icourse163.org/home.htm?userId=1387230307,5,王老师讲课很有趣，经常讲到每一个知识点的时候，都能够以身边的例子使我们对相关知识了解的更透彻，而且讲到易错重点的时候都会重复好几遍，让我们在做题的时候能够避免进入坑里。
9,http://www.icourse163.org/course/swupl-1002084012,2017121121-覃睿,www.icourse163.org/home.htm?userId=1387227457,5,中国大学慕课app，是一个很棒的视频学习网站。通过中国大学慕课app学习民法，可以充分地利用课余时间学习民事诉讼法的知识；并且在中国大学慕课网站上，可以通过观看视频来完成事先的预习和事后的复习工作。中国大学慕课上的民事诉讼法学，分为各个独立的教学单元，以书本章节为模板分版块设计。内容条理清晰，简洁明了，重点突出。在中国大学慕课上学习民事诉讼法学，不仅可以领略民诉大家们的不同观点理念和教学风格，更可以在复习中查看课件、通过课后习题巩固学习的知识点。不失为一个...
9,http://www.icourse163.org/course/swupl-1002084012,2017052039苏文高,www.icourse163.org/home.htm?userId=1387106118,5,超赞！老师讲课富有条理，学术观点鲜明，课堂上的案例展示和法理分析到位，思路清晰，将看似凌乱的诉讼法知识讲得透彻清晰，老师真的很棒
9,http://www.icourse163.org/course/swupl-1002084012,yhq王晨宙2017131007,www.icourse163.org/home.htm?userId=1386903188,5,课件清晰，内容丰富，不失为良好的学习资料。
9,http://www.icourse163.org/course/swupl-1002084012,杨嘉欣-2017041042曾远胡川宁,www.icourse163.org/home.htm?userId=1034221133,5,非常好，老师讲的深入浅出!
9,http://www.icourse163.org/course/swupl-1002084012,国-王-2017121150-付家璇,www.icourse163.org/home.htm?userId=1140066375,5,不论是平民百姓还是法律工作者，民事诉讼法的学习都是必不可少的，这门课很有用，老师上课生动形象，讲解深入浅出，而且结课之后还有证书。现在网络上各种学习资源非常丰富，mooc是个很好的平台，希望大家都能有所收获！
9,http://www.icourse163.org/course/swupl-1002084012,国-王-2017121233-李大洁,www.icourse163.org/home.htm?userId=1387232951,5,老师们讲得超级好、幽默轻松、简洁易懂，让我更容易弥补自己的不足
9,http://www.icourse163.org/course/swupl-1002084012,包2017041077沈思宇,www.icourse163.org/home.htm?userId=1385822809,5,老师很好，讲得很好，受益匪浅。
9,http://www.icourse163.org/course/swupl-1002084012,韦建2017041203,www.icourse163.org/home.htm?userId=1387152084,5,这个课程既可以自学，也可以结合课堂学习来巩固，非常棒！视听结合、双向学习，可以帮助学习者更好的更全面的学习掌握民诉法知识。
9,http://www.icourse163.org/course/swupl-1002084012,2017041344黄子慧,www.icourse163.org/home.htm?userId=1385715360,5,老师和蔼可亲，讲解细致，助教姐姐温柔耐心，辅导详细。老师布置的作业针对性强，很有助于民事诉讼思维的锻炼和知识的掌握，西政的民事诉讼法不愧是国家级的强势学科！支持西政！！
9,http://www.icourse163.org/course/swupl-1002084012,助教赖嘉敏,www.icourse163.org/home.htm?userId=1030435680,5,课程设计很好！很适合本科生的课程安排。
9,http://www.icourse163.org/course/swupl-1002084012,mooc56986861408842006,www.icourse163.org/home.htm?userId=1388074525,5,为西政打call。
9,http://www.icourse163.org/course/swupl-1002084012,李2017121097黄胜浩,www.icourse163.org/home.htm?userId=1386344804,5,我觉得OK
9,http://www.icourse163.org/course/swupl-1002084012,甘强2017031132寇滢滢,www.icourse163.org/home.htm?userId=1387404691,5,哈哈哈这个预告看得热血沸腾~老师们好可爱啊！
9,http://www.icourse163.org/course/swupl-1002084012,2017041270徐佳琪,www.icourse163.org/home.htm?userId=1387399145,5,课上课下同步学习，这种学习方法可以更加系统、清晰的学习课程！
9,http://www.icourse163.org/course/swupl-1002084012,当然是要做个作者啦,www.icourse163.org/home.htm?userId=1385581268,5,1.老师讲课讲得很好，普通话很标准2.课件做的很好，知识点理得很清楚3.课后练习和讲课内容关联性很强，使我做题的同时最大程度的又复习了一遍。
9,http://www.icourse163.org/course/swupl-1002084012,国际法谷2017041397王,www.icourse163.org/home.htm?userId=1386203311,5,各个老师都很棒！
9,http://www.icourse163.org/course/swupl-1002084012,国际法谷费雪2017081194,www.icourse163.org/home.htm?userId=1385703052,5,逻辑清晰，非常精彩!
9,http://www.icourse163.org/course/swupl-1002084012,国际法谷鲍佳慧2017021065,www.icourse163.org/home.htm?userId=1385768200,5,各位老师风格不同，但都很精彩！
9,http://www.icourse163.org/course/swupl-1002084012,国际法谷王曦2017073126,www.icourse163.org/home.htm?userId=1385701321,5,收获颇丰！老师讲得非常生动，便于课前预习，课后复习，对个人来说，非常有用
9,http://www.icourse163.org/course/swupl-1002084012,国际法谷陈铱舟2017060389,www.icourse163.org/home.htm?userId=1385700349,5,老师讲解清晰 课程内容详实 赞
9,http://www.icourse163.org/course/swupl-1002084012,2017060107蔡君馨,www.icourse163.org/home.htm?userId=1385652734,5,老师们的讲解简明易懂又不失趣味性，非常精彩!
9,http://www.icourse163.org/course/swupl-1002084012,国际法谷毛康祺2017073027,www.icourse163.org/home.htm?userId=1386190817,5,课程设计合理，课程内容丰富，老师们的授课清晰生动，非常方便于我们的课前预习和课后复习，有利于我们对民诉有更加深刻的掌握，大大提高了学习兴趣！
9,http://www.icourse163.org/course/swupl-1002084012,国际法谷龙宇哲2017011351,www.icourse163.org/home.htm?userId=1033789573,5,这门课真的值得一听！老师们讲课各有风采。贴近实务的教学，使得民诉栩栩如生，使我常感流连忘返。
9,http://www.icourse163.org/course/swupl-1002084012,国际法谷徐怡祯2017021029,www.icourse163.org/home.htm?userId=1385671369,5,每个老师都有自己不同的风格鸭~一门课这么多名师来授课 学生很赚
9,http://www.icourse163.org/course/swupl-1002084012,国际法学院谷唐晋琦2017041305,www.icourse163.org/home.htm?userId=1385641514,5,这门课敲棒的
9,http://www.icourse163.org/course/swupl-1002084012,2017121043于心怡,www.icourse163.org/home.htm?userId=1385702216,5,老师风格各异，深入浅出，在短时间内能够传授民事诉讼法各章节的基本与重点内容。其中更喜欢小谷老师的教学方法，轻松幽默，受益匪浅。
9,http://www.icourse163.org/course/swupl-1002084012,2017041287-黄恩泽-涉外法律实验班,www.icourse163.org/home.htm?userId=1385703328,5,民诉老师们讲解得很细致，很有人格魅力，收获满满。期待新一轮的学习课程
9,http://www.icourse163.org/course/swupl-1002084012,国际法谷黄昊2017021125,www.icourse163.org/home.htm?userId=1142035961,5,讲解详细，逻辑清晰，好评！
9,http://www.icourse163.org/course/swupl-1002084012,王小洁2017081121,www.icourse163.org/home.htm?userId=1385702212,5,老师授课思路清晰，内容精练，对我帮助很大！
9,http://www.icourse163.org/course/swupl-1002084012,国际法谷廖致轸2017101160,www.icourse163.org/home.htm?userId=1385699432,5,课堂有趣精彩，讲解思路清晰，很棒的课堂体验。
9,http://www.icourse163.org/course/swupl-1002084012,234567543qwsaf,www.icourse163.org/home.htm?userId=8405082,5,课程内容翔实，思路清晰，最关键的是上课老师很帅。
9,http://www.icourse163.org/course/swupl-1002084012,国际法谷王意涵2017090223,www.icourse163.org/home.htm?userId=1027751091,5,老师们讲解特棒，超级喜欢!!!❤️
9,http://www.icourse163.org/course/swupl-1002084012,国际法谷郭安然2017031412,www.icourse163.org/home.htm?userId=1385703018,5,知识点讲解清楚，语言风趣幽默。很好的课程～
9,http://www.icourse163.org/course/swupl-1002084012,国际法涉外马静宇2017012040,www.icourse163.org/home.htm?userId=1385696618,5,根据本课程知识结构的特点，重点突出，层次分明。理论和实际相结合，通过例题使知识更条理化。
9,http://www.icourse163.org/course/swupl-1002084012,国际法谷何洁群2017090237,www.icourse163.org/home.htm?userId=1385695667,5,老师讲课非常幽默
9,http://www.icourse163.org/course/swupl-1002084012,国际法谷杨若邻2017090006,www.icourse163.org/home.htm?userId=1385639619,5,老师讲解幽默、生动，知识点十分清晰。
9,http://www.icourse163.org/course/swupl-1002084012,国际法-谷-李涵-2017102206,www.icourse163.org/home.htm?userId=1385666495,5,课程非常好，老师讲的很棒
9,http://www.icourse163.org/course/swupl-1002084012,国际法-谷-石莹2017041039,www.icourse163.org/home.htm?userId=1386203855,5,为小谷老师疯狂打call
9,http://www.icourse163.org/course/swupl-1002084012,国际法王子曦2017121004,www.icourse163.org/home.htm?userId=1385702217,5,受益颇多，
9,http://www.icourse163.org/course/swupl-1002084012,国际法谷李想2017132004,www.icourse163.org/home.htm?userId=1384126653,5,该课程逻辑清晰，架构完整，体现了严谨的西政学术精神。
9,http://www.icourse163.org/course/swupl-1002084012,国际法谷邓歆玥2017101108,www.icourse163.org/home.htm?userId=1385696616,5,老师幽默风趣 课程内容短而精悍 看完意犹未尽呀！！
9,http://www.icourse163.org/course/swupl-1002084012,小马哥mooc229,www.icourse163.org/home.htm?userId=1383571837,5,感觉这个老师们讲的都好非常棒，正好现在在打官司让我省了律师费！
9,http://www.icourse163.org/course/swupl-1002084012,李永,www.icourse163.org/home.htm?userId=1151363033,5,强烈推荐本门课程，老师讲的非常精彩！
9,http://www.icourse163.org/course/swupl-1002084012,mooc64450244938183660,www.icourse163.org/home.htm?userId=1146863085,5,逻辑清晰，值得推介。
9,http://www.icourse163.org/course/swupl-1002084012,shirleymooc532,www.icourse163.org/home.htm?userId=1145199358,5,考研来重温一下
9,http://www.icourse163.org/course/swupl-1002084012,李寿勤,www.icourse163.org/home.htm?userId=1383647014,5,内容可以 ，适合初学者
9,http://www.icourse163.org/course/swupl-1002084012,mooc1497002096395,www.icourse163.org/home.htm?userId=1027502258,5,逻辑清晰，课程紧凑，知识点点到即止，对于入门很有帮助。
9,http://www.icourse163.org/course/swupl-1002084012,xiaoxiaoxia呀,www.icourse163.org/home.htm?userId=1383545390,4,知道了很多以前不知道的，受益良多
9,http://www.icourse163.org/course/swupl-1002084012,史景陌,www.icourse163.org/home.htm?userId=1150081273,5,好啊好啊好啊好啊
9,http://www.icourse163.org/course/swupl-1002084012,fairymooc568,www.icourse163.org/home.htm?userId=1141346853,5,逻辑清晰的老师
9,http://www.icourse163.org/course/swupl-1002084012,牧落进士,www.icourse163.org/home.htm?userId=1016526418,4,内容讲解很好，希望能有具体案例。
9,http://www.icourse163.org/course/swupl-1002084012,孙鹏博mooc,www.icourse163.org/home.htm?userId=1384391055,5,只能听公开课了
9,http://www.icourse163.org/course/swupl-1002084012,pumpkin南瓜姐姐,www.icourse163.org/home.htm?userId=1145033998,5,很多已经遗忘的内容，重复进行学习，这样的平台很棒
9,http://www.icourse163.org/course/swupl-1002084012,mooc48386345406887565,www.icourse163.org/home.htm?userId=1151770771,4,内容充实，希望相关课程能随现在的变化而及时更新。
9,http://www.icourse163.org/course/swupl-1002084012,mooc82197282040442948,www.icourse163.org/home.htm?userId=1383480026,5,老师讲的很生动
9,http://www.icourse163.org/course/swupl-1002084012,菲拉mooc,www.icourse163.org/home.htm?userId=1139568416,5,教师讲得很好，很全面。
9,http://www.icourse163.org/course/swupl-1002084012,mooc78302609812287939,www.icourse163.org/home.htm?userId=1149750872,5,内容形象生动，方式新颖。
9,http://www.icourse163.org/course/swupl-1002084012,兔七七mooc,www.icourse163.org/home.htm?userId=1022863156,5,老师们都讲得棒棒哒~期待出品更多的新课程
9,http://www.icourse163.org/course/swupl-1002084012,李凌2018011391张烘瑞,www.icourse163.org/home.htm?userId=1403920313,4,可以巩固课上所学，解答疑惑，讨论学习
9,http://www.icourse163.org/course/swupl-1002084012,李2018011074黄新航,www.icourse163.org/home.htm?userId=1403616042,5,授课方式多元化，课件视频资料笔记，非常有利于学习理解
9,http://www.icourse163.org/course/swupl-1002084012,肖2018072016杨蜀熙,www.icourse163.org/home.htm?userId=1387379060,5,老师们都很有趣，设置的习题也比较应景可以及时复习到相关知识点，总之就是很不错啦
9,http://www.icourse163.org/course/swupl-1002084012,李2018021154韩心茹,www.icourse163.org/home.htm?userId=1385704712,5,资料丰富，引人入胜
9,http://www.icourse163.org/course/swupl-1002084012,李2018021081王舒,www.icourse163.org/home.htm?userId=1142249830,5,视频制作得很棒。试题贴近法考
9,http://www.icourse163.org/course/swupl-1002084012,段2018011081程文莉,www.icourse163.org/home.htm?userId=1391077776,5,受益匪浅，特别好
9,http://www.icourse163.org/course/swupl-1002084012,徐玉龙mooc18197502062,www.icourse163.org/home.htm?userId=1150483741,4,学习开阔眼界，开阔思维
9,http://www.icourse163.org/course/swupl-1002084012,孙伟程123,www.icourse163.org/home.htm?userId=1390656276,5,老师讲的很好，PPT知识点很充分
9,http://www.icourse163.org/course/swupl-1002084012,李2018101043饶子龙,www.icourse163.org/home.htm?userId=1387383803,5,很好的app，很实用！
9,http://www.icourse163.org/course/swupl-1002084012,肖2018012050张涵易,www.icourse163.org/home.htm?userId=1392162787,5,好！！！！
9,http://www.icourse163.org/course/swupl-1002084012,2018021100姜家胜,www.icourse163.org/home.htm?userId=1149737917,5,本课程组织合理，老师和叫教辅师兄师姐也尽职尽责。对民事诉讼法的学习很有用。
9,http://www.icourse163.org/course/swupl-1002084012,李2018011236王瑞婕,www.icourse163.org/home.htm?userId=1404262963,5,课外补充学习的好帮手鸭
9,http://www.icourse163.org/course/swupl-1002084012,2018090038高晓宣,www.icourse163.org/home.htm?userId=1389081863,5,棒棒棒，为李龙老师打电话！
9,http://www.icourse163.org/course/swupl-1002084012,2018011200黄亚凤,www.icourse163.org/home.htm?userId=1391377762,5,真的非常好
9,http://www.icourse163.org/course/swupl-1002084012,肖2018012034高雪溦,www.icourse163.org/home.htm?userId=1385466587,4,课程很好，作为基础教学很好，资源丰富
9,http://www.icourse163.org/course/swupl-1002084012,肖2018012021李昱羲,www.icourse163.org/home.htm?userId=1141647139,5,老师们太棒啦！
9,http://www.icourse163.org/course/swupl-1002084012,2018131047罗宇萌,www.icourse163.org/home.htm?userId=1386491843,5,授课内容充实
9,http://www.icourse163.org/course/swupl-1002084012,段2018011324米奕帆,www.icourse163.org/home.htm?userId=1403752044,5,麻烦死人屁用没有
9,http://www.icourse163.org/course/swupl-1002084012,丁2018022031肖瑷成,www.icourse163.org/home.htm?userId=1148482690,5,非常好，知识点精简，成体系化
9,http://www.icourse163.org/course/swupl-1002084012,2018021327梁龙花,www.icourse163.org/home.htm?userId=1401371385,5,民诉的讲授很好
9,http://www.icourse163.org/course/swupl-1002084012,包2018031157高宇,www.icourse163.org/home.htm?userId=1149812534,5,课程设置与教材紧密结合，是线下课程的很好补充，相关的练习与讨论也十分有利于巩固知识。
9,http://www.icourse163.org/course/swupl-1002084012,冯2018101036谢雨先,www.icourse163.org/home.htm?userId=1388500706,5,老师讲的很详细
9,http://www.icourse163.org/course/swupl-1002084012,子休mooc21,www.icourse163.org/home.htm?userId=1404013946,5,受益匪浅 学以致用
9,http://www.icourse163.org/course/swupl-1002084012,包2018031285唐兆新,www.icourse163.org/home.htm?userId=1385806766,5,bcbcbc
9,http://www.icourse163.org/course/swupl-1002084012,张2018011315姚琦玮,www.icourse163.org/home.htm?userId=1403913208,5,课件很用心
9,http://www.icourse163.org/course/swupl-1002084012,李龙2018090116金蕾莉,www.icourse163.org/home.htm?userId=1028457585,5,课程内容详实，知识体系完整，与课堂相互补充，感受非常好
9,http://www.icourse163.org/course/swupl-1002084012,丁2018022100王雨晴,www.icourse163.org/home.htm?userId=1390830381,5,本课程内容丰富，结构完整，是不可多得的网上学习材料。
9,http://www.icourse163.org/course/swupl-1002084012,新生代贵族,www.icourse163.org/home.htm?userId=1021160585,5,逻辑比较清晰，核心内容都有
9,http://www.icourse163.org/course/swupl-1002084012,肖2018012047蒋奕旻,www.icourse163.org/home.htm?userId=1387244979,5,视频非常棒
9,http://www.icourse163.org/course/swupl-1002084012,冯2018031451何会利,www.icourse163.org/home.htm?userId=1148069572,5,感谢各位老师和助教！小建议：论文可不可以直接附件上来（懒孩子要求比较多）
9,http://www.icourse163.org/course/swupl-1002084012,冯-2018011398-谭佳佳,www.icourse163.org/home.htm?userId=1386262280,4,很不错！！
9,http://www.icourse163.org/course/swupl-1002084012,张2018011246邓雯月,www.icourse163.org/home.htm?userId=1385693226,5,非常有收获！
9,http://www.icourse163.org/course/swupl-1002084012,mooc5879267116751616,www.icourse163.org/home.htm?userId=1404876387,5,老师们很活跃，讲的内容都是干货，有疑问也会很快回复，赞。
9,http://www.icourse163.org/course/swupl-1002084012,申英蓓2018031035,www.icourse163.org/home.htm?userId=1151283668,5,感觉非常棒对于民法的理解也很有帮助！特别是在诉权，请求权这块有了新的理解！
9,http://www.icourse163.org/course/swupl-1002084012,包2018074006胡玉婷,www.icourse163.org/home.htm?userId=1397469683,5,赞赞赞棒棒！
9,http://www.icourse163.org/course/swupl-1002084012,段李2018011289淡佳宁,www.icourse163.org/home.htm?userId=1402139182,5,好好好非常好
9,http://www.icourse163.org/course/swupl-1002084012,丁2018022036蒋铮,www.icourse163.org/home.htm?userId=1392159590,5,每个视频里都有小测试很棒，而且练习题也很有质量！
9,http://www.icourse163.org/course/swupl-1002084012,肖2018012011光琰琦,www.icourse163.org/home.htm?userId=1147116764,1,内容充实，核心要点很准确
9,http://www.icourse163.org/course/swupl-1002084012,李2018021131刘诗琪,www.icourse163.org/home.htm?userId=1403748798,5,老师讲得很好
9,http://www.icourse163.org/course/swupl-1002084012,李-2018011251-陈娟,www.icourse163.org/home.htm?userId=1391382112,5,民事诉讼法是我最感兴趣的一门课程。
9,http://www.icourse163.org/course/swupl-1002084012,mooc72616701253145439,www.icourse163.org/home.htm?userId=1402275522,5,层次分明，逻辑清晰，课件精美
9,http://www.icourse163.org/course/swupl-1002084012,康平k125188115749279716,www.icourse163.org/home.htm?userId=1404097140,5,讲课内容很丰富
9,http://www.icourse163.org/course/swupl-1002084012,夏2018054023沈展疆,www.icourse163.org/home.htm?userId=1388259595,5,PPT和最后的笔记板块非常好，坦白说，比上课效率高
9,http://www.icourse163.org/course/swupl-1002084012,李2018051071张肖阳,www.icourse163.org/home.htm?userId=1403497431,5,哎呦！不错哦！
9,http://www.icourse163.org/course/swupl-1002084012,冯2018011271黄新泽,www.icourse163.org/home.htm?userId=1400984873,5,老师讲得很好，学习资源很完备
9,http://www.icourse163.org/course/swupl-1002084012,936810829qqcom,www.icourse163.org/home.htm?userId=1628693,5,很好的课程，几位老师很用心
9,http://www.icourse163.org/course/swupl-1002084012,冯2018021160李盼希,www.icourse163.org/home.htm?userId=1388007928,5,查缺补漏，更加深入了解。
9,http://www.icourse163.org/course/swupl-1002084012,丁2018022014韦堰东,www.icourse163.org/home.htm?userId=1395786868,5,。。。。。。
9,http://www.icourse163.org/course/swupl-1002084012,李凌2018051076梁浩然,www.icourse163.org/home.htm?userId=1387769538,5,很期待这门优秀的课程
9,http://www.icourse163.org/course/swupl-1002084012,mooc4750149298027454,www.icourse163.org/home.htm?userId=1403721806,5,真的好，就是不知道要不要钱
9,http://www.icourse163.org/course/swupl-1002084012,m158118772971,www.icourse163.org/home.htm?userId=11594064,5,请问下这门课程的参考教材是哪一本？大纲是列出来3本
9,http://www.icourse163.org/course/swupl-1002084012,如韵如初,www.icourse163.org/home.htm?userId=1383626726,5,不过太多了吧
9,http://www.icourse163.org/course/swupl-1002084012,mooc38352143063366289,www.icourse163.org/home.htm?userId=1398195204,5,第二期什么时候开课？
9,http://www.icourse163.org/course/swupl-1002084012,硬核mooc3,www.icourse163.org/home.htm?userId=1396073724,5,因为是后面看的，没有看到当时的直播，段男神是真的秀，还有，一直想知道小谷老师的微信号和微博昵称。
9,http://www.icourse163.org/course/swupl-1002084012,A值青春画梦想,www.icourse163.org/home.htm?userId=1147557865,5,有字幕就好啦
9,http://www.icourse163.org/course/swupl-1002084012,李代弟,www.icourse163.org/home.htm?userId=1387382808,5,这个课程真的超级棒啊！！！！！！！！
9,http://www.icourse163.org/course/swupl-1002084012,2017121137段朝康,www.icourse163.org/home.htm?userId=1386343823,5,课堂内容充实有趣，老师也都很认真负责~
9,http://www.icourse163.org/course/swupl-1002084012,2017121106杨添淇1,www.icourse163.org/home.htm?userId=1386019911,5,老师很可爱，讲解很清晰
9,http://www.icourse163.org/course/swupl-1002084012,20180351021951徐程,www.icourse163.org/home.htm?userId=1388740946,5,斯巴拉西！！可以明显感觉到有很多人为这个课程倾注了心血，虽有不足，但是可以更好。做为民诉法的学习值得推荐。
9,http://www.icourse163.org/course/swupl-1002084012,姚倩2017041425,www.icourse163.org/home.htm?userId=1387434972,5,老师的讲解很细致，除了视频还有PPT记录，很方便，闲暇时间打开看看很棒～～～
9,http://www.icourse163.org/course/swupl-1002084012,2017121036张楠鹦,www.icourse163.org/home.htm?userId=1387136267,5,很好，课堂重点再次重现。
9,http://www.icourse163.org/course/swupl-1002084012,2017052004代志馨,www.icourse163.org/home.htm?userId=1387336704,5,每一节课时长都比较短，可以随时随地听。老师们讲课非常有条理，便于记忆。也非常细致。
9,http://www.icourse163.org/course/swupl-1002084012,2017053001江梓豪1,www.icourse163.org/home.htm?userId=1383884250,5,方便课余时间对课堂遗漏的知识进行补充
9,http://www.icourse163.org/course/swupl-1002084012,李2017121142冉伶俐,www.icourse163.org/home.htm?userId=1151583134,5,老师讲的非常棒噢
9,http://www.icourse163.org/course/swupl-1002084012,2017121034贾钰洁1,www.icourse163.org/home.htm?userId=1388706918,5,课程安排合理，有干货！课堂讨论的问题也十分有趣又不失知识性。
9,http://www.icourse163.org/course/swupl-1002084012,mooc1536015842181,www.icourse163.org/home.htm?userId=1144734738,5,特别好，清晰！！！
9,http://www.icourse163.org/course/swupl-1002084012,李凌段文波韩欣燕2017041127,www.icourse163.org/home.htm?userId=1387108409,5,odk，挺好的，
9,http://www.icourse163.org/course/swupl-1002084012,2017041179徐雪豫,www.icourse163.org/home.htm?userId=1387432988,5,通过每次慕课的学习，我了解到每一章的重点知识，这非常有利于我们的课前预习和课后复习。各位老师也讲的超棒。
9,http://www.icourse163.org/course/swupl-1002084012,2017090048韩笑1,www.icourse163.org/home.htm?userId=1387993841,5,非常好，讲解详细，联系丰富
9,http://www.icourse163.org/course/swupl-1002084012,黄丽2017041101,www.icourse163.org/home.htm?userId=1387339094,5,讲的很好，重点突出，明了易懂。
9,http://www.icourse163.org/course/swupl-1002084012,2017121011李金洋1,www.icourse163.org/home.htm?userId=1387159610,5,西南政法大学民事诉讼法慕课做得十分精细，视频课程内容十分丰富，讲解结构清晰明确，对一些问题的讲解也深入浅出，对同学们对于相关问题的理解十分有帮助。慕课还为同学提供网络视频课程的同时还提供了对应的ppt，这有助于同学的课后学习和理解。此外慕课还加入了讨论板块，增加老师与同学的互动，提升同学们的思维空间。慕课的模式可以与实践课堂教学想配合，同学们可以在慕课上将课堂上所遗漏的知识点进行补充，拓展了整个教学的时间和空间。这对学生来说是很好的一种教学方式。
9,http://www.icourse163.org/course/swupl-1002084012,段李陈泉池2017041024,www.icourse163.org/home.htm?userId=1387409903,5,很好，科学合理
9,http://www.icourse163.org/course/swupl-1002084012,2017121201梁嘉怡1,www.icourse163.org/home.htm?userId=1387137432,5,课程里名师荟萃，集学说理论之精华，给我带来了非常大的收益。
9,http://www.icourse163.org/course/swupl-1002084012,行王龚城2017041049,www.icourse163.org/home.htm?userId=1387216454,5,这种形式特别好
9,http://www.icourse163.org/course/swupl-1002084012,2017012036陈天佑,www.icourse163.org/home.htm?userId=1387823472,5,课程视频精简但体系明确，内容充实，为我们课前预习课后复习提供了很好的学习资源
9,http://www.icourse163.org/course/swupl-1002084012,mooc54955062146514857,www.icourse163.org/home.htm?userId=1386722210,5,真好，可以随时复习
9,http://www.icourse163.org/course/swupl-1002084012,国王2017121060蒲智城,www.icourse163.org/home.htm?userId=1388801611,5,老师对待教学认真负责，语言生动，条理清晰，举例充分恰当，对待学生严格要求，能够鼓励学生踊跃发言，使课堂气氛比较积极热烈。
9,http://www.icourse163.org/course/swupl-1002084012,国际法2017121219陈鸿鸿,www.icourse163.org/home.htm?userId=1386044920,5,值得推荐，精品课程。
9,http://www.icourse163.org/course/swupl-1002084012,2017041295汪晓威,www.icourse163.org/home.htm?userId=1387433041,5,很好的，作业课间讨论都一体化了，课余时间复习总结起来也比较全面系统。
9,http://www.icourse163.org/course/swupl-1002084012,2017121217江东乐1,www.icourse163.org/home.htm?userId=1141440318,5,内容生动形象，讲得也很清楚
9,http://www.icourse163.org/course/swupl-1002084012,2017090191廖芹雪1,www.icourse163.org/home.htm?userId=1387856258,5,真的是好极了
9,http://www.icourse163.org/course/swupl-1002084012,行政法梁玲燕2017041043,www.icourse163.org/home.htm?userId=1387217294,5,教学内容简洁明了，配合相关练习，可以快速掌握重点。
9,http://www.icourse163.org/course/swupl-1002084012,2017102190庄秋韵1,www.icourse163.org/home.htm?userId=1385673843,5,老师讲的很好，内容清晰明了，逻辑性强。
9,http://www.icourse163.org/course/swupl-1002084012,包2017041212刘禹廷,www.icourse163.org/home.htm?userId=1387154931,5,超喜欢老师们讲的课的！
9,http://www.icourse163.org/course/swupl-1002084012,包冰锋2017041194屈山卜,www.icourse163.org/home.htm?userId=1387364046,5,老师的讲课方式清晰易懂，课件可下载保存，很方便
9,http://www.icourse163.org/course/swupl-1002084012,2017121001官源松,www.icourse163.org/home.htm?userId=1029523226,5,老师上课帮，习题有针对性，棒棒棒
9,http://www.icourse163.org/course/swupl-1002084012,黄行江林枫2017041271,www.icourse163.org/home.htm?userId=1387437169,5,老师讲课超级棒
9,http://www.icourse163.org/course/swupl-1002084012,2017041132张婷,www.icourse163.org/home.htm?userId=1387128383,5,讲得很好，不错，有很大收获。
9,http://www.icourse163.org/course/swupl-1002084012,包2017041116李铸铭,www.icourse163.org/home.htm?userId=1388725614,5,民诉老师太爱了
9,http://www.icourse163.org/course/swupl-1002084012,高司语2017041355,www.icourse163.org/home.htm?userId=1389116122,5,老师讲解详细，认真负责。
9,http://www.icourse163.org/course/swupl-1002084012,2017060147王露1,www.icourse163.org/home.htm?userId=1386275918,5,生动、有趣，发人深省，有助于课后查漏补缺。
9,http://www.icourse163.org/course/swupl-1002084012,张晓薇2017041254龙艳丽,www.icourse163.org/home.htm?userId=1387219359,5,简单易懂便捷
9,http://www.icourse163.org/course/swupl-1002084012,曾远2017121186肖诗涵,www.icourse163.org/home.htm?userId=1387181264,5,老师讲的非常清楚。
9,http://www.icourse163.org/course/swupl-1002084012,包2017090238陈颖怡,www.icourse163.org/home.htm?userId=1384200324,5,慕课的内容是对课本以外的知识的补充，授课内容清晰有条理，视频制作良好，习题具有代表性。
9,http://www.icourse163.org/course/swupl-1002084012,王士晗2017041256,www.icourse163.org/home.htm?userId=1387435839,5,内容丰富，讲解清楚，很棒
9,http://www.icourse163.org/course/swupl-1002084012,包冰锋2017041184唐圆圆,www.icourse163.org/home.htm?userId=1388829025,5,课程内容详细，讲授条理清晰，连贯缜密，具有很强的时效性。课后作业安排布置合理，突出重难点，起到了良好巩固复习作用。不容忽视的是，课后讨论将理论与时事热点紧密联系起来，利用事件的熟悉度与趣味性激起同学们的参与热情。通过一个小切口的思维碰撞让同学们在进一步加深对知识的运用理解的同时，充分体会理论与实务的关系，引导思维向更深、更广的层次发展，积极发挥并培养同学们的探索精神，为其打开新视野，开创新天地。
9,http://www.icourse163.org/course/swupl-1002084012,2017060433钟诗蓓1,www.icourse163.org/home.htm?userId=1144928608,5,学到很多课本上没有的知识，十分便捷
9,http://www.icourse163.org/course/swupl-1002084012,法4邓杨2017041047,www.icourse163.org/home.htm?userId=1385833831,5,老师讲得很详细，练习题也比较合理
9,http://www.icourse163.org/course/swupl-1002084012,行政法2017041029加娜尼吐尔洪,www.icourse163.org/home.htm?userId=1387431793,5,很方便学习，
9,http://www.icourse163.org/course/swupl-1002084012,张晓薇2017041399吴雪燕,www.icourse163.org/home.htm?userId=1387114007,5,好!很好!非常好!可以牢固基础，梳理知识脉络~2倍速刷视频，然后做题，效果不错
9,http://www.icourse163.org/course/swupl-1002084012,2017012010秦千千,www.icourse163.org/home.htm?userId=1387823470,5,授课老师讲的内容条理清晰，课后搭配练习与测验进一步加强对知识点的掌握。同时，课堂交流区和答疑区等讨论板块设置得很好，是一个答疑解惑很好的共享平台!
9,http://www.icourse163.org/course/swupl-1002084012,2017041411文金波,www.icourse163.org/home.htm?userId=1384350253,5,课程内容讲述很棒，还配有课后习题，在学习内容之后还可以通过习题巩固知识，可以说是非常nice!
9,http://www.icourse163.org/course/swupl-1002084012,邓小威2017041416,www.icourse163.org/home.htm?userId=1387112551,5,作为知识梳理来看待是很棒的，内容清晰简略
9,http://www.icourse163.org/course/swupl-1002084012,行2017041445黄珂,www.icourse163.org/home.htm?userId=1387149388,5,里面的老师讲得很好！看完很有用！
9,http://www.icourse163.org/course/swupl-1002084012,张晓薇苏庆2017041357,www.icourse163.org/home.htm?userId=1387125503,5,老师讲得都很好！
9,http://www.icourse163.org/course/swupl-1002084012,黄行李文博2017041383,www.icourse163.org/home.htm?userId=1386932076,5,有利于完善个人的法学知识体系，有利于提高从事法律职业和民事纠纷处理工作的能力。
9,http://www.icourse163.org/course/swupl-1002084012,2017053049黄泽宇,www.icourse163.org/home.htm?userId=1387110276,5,老师讲的细致，题目针对性强。
9,http://www.icourse163.org/course/swupl-1002084012,2017090122李靖祎,www.icourse163.org/home.htm?userId=1387251039,5,干货多，废话少，紧密结合现实，对于民诉学习非常有用
9,http://www.icourse163.org/course/swupl-1002084012,2017081201黄晶1,www.icourse163.org/home.htm?userId=1387638421,5,老师们都讲的很好 而且课后习题都很有用
9,http://www.icourse163.org/course/swupl-1002084012,2017041144方义媛,www.icourse163.org/home.htm?userId=1387127787,5,老师讲的很好，知识点讲得明确易懂，还有很多课本上没有的内容，方便学生课下自主学习，课堂作业也有利于加强知识点的记忆，超棒！
9,http://www.icourse163.org/course/swupl-1002084012,赵2017102049杜钰琳,www.icourse163.org/home.htm?userId=1387241446,5,超级棒，课程详细，内容丰富。不失为课下复习的一大好方法
9,http://www.icourse163.org/course/swupl-1002084012,2017071035陈佳丽,www.icourse163.org/home.htm?userId=1387406093,5,内容详细，知识点清晰，课间时间安排合理！
9,http://www.icourse163.org/course/swupl-1002084012,张晓薇王亚铎2017041064,www.icourse163.org/home.htm?userId=1387148740,5,内容详细，法条都是最新的，非常好。
9,http://www.icourse163.org/course/swupl-1002084012,张晓薇2017041421,www.icourse163.org/home.htm?userId=1387332404,5,反正就是五星很重要
9,http://www.icourse163.org/course/swupl-1002084012,赵尧王金鑫2017041110,www.icourse163.org/home.htm?userId=1387153500,5,老师讲的特别好，还有课后讨论共同交流，赞！
9,http://www.icourse163.org/course/swupl-1002084012,2017012028知产游佩琳,www.icourse163.org/home.htm?userId=1387581509,5,很不错，学校通过网课巩固线下教学，这是很不错的形式，督促同学们课下用功
9,http://www.icourse163.org/course/swupl-1002084012,2017041190,www.icourse163.org/home.htm?userId=1385834234,5,非常好，老师讲得特别棒↖(^ω^)↗
9,http://www.icourse163.org/course/swupl-1002084012,包2017041450乔毅,www.icourse163.org/home.htm?userId=1387126793,5,非常棒！老师讲的也很全面，学到了很多东西！
9,http://www.icourse163.org/course/swupl-1002084012,2017041260张吉,www.icourse163.org/home.htm?userId=1387437821,5,讲课内容很细致，老师讲课也幽默风趣，每个课程点占时不多，精辟，强推！！
9,http://www.icourse163.org/course/swupl-1002084012,包2017041067王嘉辉,www.icourse163.org/home.htm?userId=1387448024,5,课程内容干活满满，配合习题加深理解，化整为零，灵活运用时间
9,http://www.icourse163.org/course/swupl-1002084012,2017121185刘君睿1,www.icourse163.org/home.htm?userId=1387107076,5,课件时间安排合理，知识点讲解清晰，很实用
9,http://www.icourse163.org/course/swupl-1002084012,国际法-王-2017121128-王天洲,www.icourse163.org/home.htm?userId=1387257343,5,王老师讲课很细致，而且在课堂教学中穿插着很多生动的案例。
9,http://www.icourse163.org/course/swupl-1002084012,赵周威扬2017060266,www.icourse163.org/home.htm?userId=1387411944,5,非常棒，知识点很清晰
9,http://www.icourse163.org/course/swupl-1002084012,2017081072张晓晴,www.icourse163.org/home.htm?userId=1386905858,5,很不错，知识点很精炼，可以帮助巩固知识
9,http://www.icourse163.org/course/swupl-1002084012,黄行2017041222汪晨琦,www.icourse163.org/home.htm?userId=1387453969,5,老师讲得很好，很实用的慕课
9,http://www.icourse163.org/course/swupl-1002084012,黄行2017041025胡宇航,www.icourse163.org/home.htm?userId=1388419954,5,内容详实，讲解清晰，赞！
9,http://www.icourse163.org/course/swupl-1002084012,2017041174张艺凡,www.icourse163.org/home.htm?userId=1387130327,5,课程安排很合理
9,http://www.icourse163.org/course/swupl-1002084012,2017041145文玉琴,www.icourse163.org/home.htm?userId=1387429691,5,很不错 !
9,http://www.icourse163.org/course/swupl-1002084012,2017121069彭琳钦,www.icourse163.org/home.htm?userId=1386386422,5,老师讲的很清晰，非常不错的慕课
9,http://www.icourse163.org/course/swupl-1002084012,2017121071李逸非1,www.icourse163.org/home.htm?userId=1387432167,5,老师讲得超好诶
9,http://www.icourse163.org/course/swupl-1002084012,2017121070向爱华1,www.icourse163.org/home.htm?userId=1386154224,5,老师讲得很细致，方便理解和学习
9,http://www.icourse163.org/course/swupl-1002084012,包2017041281朱玉婷,www.icourse163.org/home.htm?userId=1386852075,5,喜欢里面的老师们，讲课很精辟很清晰。课程设计得非常合理，搭配了适量的司法考试原题，方便同学们巩固知识、了解司法考试题型；将课件和讲解视频分开，有利于同学们的自我学习；希望可以开设一些案例分析的课程。
9,http://www.icourse163.org/course/swupl-1002084012,2017121018刘浪秀,www.icourse163.org/home.htm?userId=1387233929,5,时间短，精辟，支持倍速，还有配套PPT，挺不错的。
9,http://www.icourse163.org/course/swupl-1002084012,2017121057潘禹铭1,www.icourse163.org/home.htm?userId=1387107709,5,好哈哈哈哈哈
9,http://www.icourse163.org/course/swupl-1002084012,2017041349商嘉琪,www.icourse163.org/home.htm?userId=1385832405,5,老师讲的太好了，真是受益匪浅~\(≧▽≦)/~
9,http://www.icourse163.org/course/swupl-1002084012,2017102048殷艺豪,www.icourse163.org/home.htm?userId=1387404080,5,这个课程设计得非常好，课程安排合理，时长也恰到好处，老师讲课也幽默风趣，深入浅出，通俗易懂。在课堂作业和讨论方面也非常的有针对性的帮我们复习。
9,http://www.icourse163.org/course/swupl-1002084012,2017071025张凯纯1,www.icourse163.org/home.htm?userId=1386085454,5,老师讲得特别好 特别好 
9,http://www.icourse163.org/course/swupl-1002084012,2017121031刘斯婷1,www.icourse163.org/home.htm?userId=1387129420,5,每个视频的时间把握得非常好，既不会让人觉得时间太长感到枯燥，又不会因为时间太短学不到东西。老师的讲解清晰，PPT也很有用，课后讨论大家的问题有创新，拓展了我的视野，非常好的慕课辣，强推！
9,http://www.icourse163.org/course/swupl-1002084012,赵-2017054040-段皓,www.icourse163.org/home.htm?userId=1387406342,5,老师讲课内容细致，层次感分明，让学生获益匪浅。
9,http://www.icourse163.org/course/swupl-1002084012,2017012039栾金威,www.icourse163.org/home.htm?userId=1387829123,5,本学期的民诉法黄老师通过影像教学、课本梳理、案例分析、实地实践、课堂研讨等方式跟我们生动地讲解这门复杂的课程，老师讲的很仔细，对知识点的讲解很透彻，非常收益！
9,http://www.icourse163.org/course/swupl-1002084012,2017121169亓帅先1,www.icourse163.org/home.htm?userId=1387136216,5,老师讲的很细很好很认真，解答和讨论问题也很实际很有用，感觉学到了很多很多的内容，很棒！
9,http://www.icourse163.org/course/swupl-1002084012,包冰锋龙林曼2017041240,www.icourse163.org/home.htm?userId=1387127441,5,老师讲得很好，讲课内容很细致，上课方式很幽默，整个课堂氛围都很好。喜欢包包老师，包包老师超级棒！
9,http://www.icourse163.org/course/swupl-1002084012,行段姬欣然2017041340,www.icourse163.org/home.htm?userId=1386364246,5,真的很好 老师讲的很认真，内容很精细！
9,http://www.icourse163.org/course/swupl-1002084012,徐云婷2017121181,www.icourse163.org/home.htm?userId=1387227452,5,我觉得挺好的，老师思路清晰，重点鲜明
9,http://www.icourse163.org/course/swupl-1002084012,赵2017103041刘子伊,www.icourse163.org/home.htm?userId=1140060331,5,课程内容非常全面，讲解的也很清楚透彻。通过这个平台可以反复观看，加强知识点的理解和吸收，单元测验和作业也可以帮助我们进一步进行巩固，很棒！
9,http://www.icourse163.org/course/swupl-1002084012,李凌2017041297杨悦,www.icourse163.org/home.htm?userId=1387953027,5,课程很好，老师讲解细心明确，推荐
9,http://www.icourse163.org/course/swupl-1002084012,包2017041090杨一凡,www.icourse163.org/home.htm?userId=1387426786,5,包包老师超级棒
9,http://www.icourse163.org/course/swupl-1002084012,2017102089王冠淇1,www.icourse163.org/home.htm?userId=1145160558,5,课程内容清楚详细，单元测试也能够有效的帮助吸收理解。
9,http://www.icourse163.org/course/swupl-1002084012,向金洋2017073020,www.icourse163.org/home.htm?userId=1386903198,5,老师讲得很棒，题目具有针对性，课堂讨论很有趣
9,http://www.icourse163.org/course/swupl-1002084012,周航2017041149,www.icourse163.org/home.htm?userId=1387432969,5,老师讲课讲得很好
9,http://www.icourse163.org/course/swupl-1002084012,2017041162吕竹青,www.icourse163.org/home.htm?userId=1387432184,5,老师讲得通俗易懂，有PPT帮助理解，测验和讨论帮助我们更好地理解知识。
9,http://www.icourse163.org/course/swupl-1002084012,国-王-2017121046-邱君旺,www.icourse163.org/home.htm?userId=1387808651,5,1、在线授课视频极大地丰富了我们学习内容，有利于加深印象，使知识体系更加完整。2、采用的模式比较新颖，不仅有视频还有章节检测，让知识能够及时得到巩固。3、最吸引我的还是课堂讨论区，同学们能够充分发表自己的看法，并对提出的问题进行讨论解决。希望这个平台能够充分运用到我们学习过程中！
9,http://www.icourse163.org/course/swupl-1002084012,2017121076阙颖1,www.icourse163.org/home.htm?userId=1387113811,5,我觉得很棒能够在课后检查自己对知识的把握程度 并且复习参与课堂讨论能够增加更多的见解.
9,http://www.icourse163.org/course/swupl-1002084012,赵2017073106冯冰冰,www.icourse163.org/home.htm?userId=1148672530,5,第一次适用慕课平台，精简的课堂内容能帮助我巩固很对重要和细节性的知识点，同时授课老师语言流畅，逻辑清晰，令人受益匪浅。
9,http://www.icourse163.org/course/swupl-1002084012,2017121135杨晨,www.icourse163.org/home.htm?userId=1387495039,5,我认为通过慕课的学习方式让我们更容易的掌握了知识，我觉得这样的学习方式很棒
9,http://www.icourse163.org/course/swupl-1002084012,曌翀,www.icourse163.org/home.htm?userId=1390455638,5,重温民诉感受西政
9,http://www.icourse163.org/course/swupl-1002084012,2017012038赵博,www.icourse163.org/home.htm?userId=1387830046,5,民诉作为程序法中极为重要的组成，在西政的民诉mooc里受益匪浅。
9,http://www.icourse163.org/course/swupl-1002084012,2017081127唐雪梨,www.icourse163.org/home.htm?userId=1387307384,5,老师讲课详略得当，授课课程精简却有突出，重难点把握有力。且视频与课件内容互为支撑补充！相当不错！
9,http://www.icourse163.org/course/swupl-1002084012,2017041075杨嘉悦,www.icourse163.org/home.htm?userId=1386904255,5,老师讲得非常好
9,http://www.icourse163.org/course/swupl-1002084012,2017081099陈雅琴,www.icourse163.org/home.htm?userId=1385999373,5,课程内容很精简，是学习的重点，时间很简短，学习效率非常高，不会因为时间太长而感到枯燥。讲课的老师也好有趣，风气幽默，尤其pick小谷老师!!PPT也很好，能够让我们自己在复习的时候有资料，不会因为上课完了就忘记重点。非常好的课程，强烈pick!
9,http://www.icourse163.org/course/swupl-1002084012,2017041167时婷,www.icourse163.org/home.htm?userId=1387129337,5,老师讲的通俗易懂，也有PPT相对应，PPT总结很系统很全面。有助于高效督促我们的学习 也能及时复习！很棒！
9,http://www.icourse163.org/course/swupl-1002084012,行政法学院2017041217钟蕊,www.icourse163.org/home.htm?userId=1387135398,5,我认为此课程非常好，课程设计有趣，方式新奇，充分体现互联网的运用，是现代科技发达下的新型课程，每一节课后有小练习，能激发学生学习动力，并且能实时检测学习效果，通过习题巩固学生学到的知识，效果很好。每一节视频精炼，简短，全是重要知识点的讲授，不拖沓，不乏味冗长，高效利用时间，使学生学习效率明显提高。
9,http://www.icourse163.org/course/swupl-1002084012,赵2017060302施欣旖,www.icourse163.org/home.htm?userId=1387400766,5,课程内容丰富全面，讲解细致深入，重点突出，作业布置批改及时，对学习有很大二帮助
9,http://www.icourse163.org/course/swupl-1002084012,2017041422赵妍,www.icourse163.org/home.htm?userId=1387153169,5,很全面很好
9,http://www.icourse163.org/course/swupl-1002084012,2017041173李媛,www.icourse163.org/home.htm?userId=1387107811,5,各位老师都非常棒，讲课方式也生动有趣，知识点讲解得非常细致清晰，让我学到了很多，对民事诉讼法学有了更深刻的认识!
9,http://www.icourse163.org/course/swupl-1002084012,2017081077孙子荀,www.icourse163.org/home.htm?userId=1387416969,5,讲解生动清晰，为各位老师点赞！
9,http://www.icourse163.org/course/swupl-1002084012,2017121147李昊凝1,www.icourse163.org/home.htm?userId=1151365638,5,慕课的存在对督促学习，及时复习知识，理解知识有很大作用。
9,http://www.icourse163.org/course/swupl-1002084012,2017121022叶智心,www.icourse163.org/home.htm?userId=1387417646,5,课程通俗易懂，重点突出，深入浅出，是用心做的好课程！
9,http://www.icourse163.org/course/swupl-1002084012,行政法雷明方2017041188,www.icourse163.org/home.htm?userId=1387150638,5,讲得通俗易懂，课程真心不错
9,http://www.icourse163.org/course/swupl-1002084012,段李行政法学院陈家鹏2017041294,www.icourse163.org/home.htm?userId=1138045671,5,老师讲的很好，视频以及习题适合课下查缺补漏，辛苦各位老师!
9,http://www.icourse163.org/course/swupl-1002084012,李凌崔可欣2017041441,www.icourse163.org/home.htm?userId=1387128190,5,我认为以慕课这样的形式非常好，有诸多优点：1.老师们讲述清晰细致，既可以提前预习熟悉一下新知识有利于课堂上加深理解跟上老师节奏；又可以在听完课后继续课下巩固，打下良好的知识基础；2.课后测验和单元作业等都能巩固学的知识，加深对知识的理解很运用，通过案例等来加深记忆。3.课堂讨论能够让同学们畅所欲言，是同学们思维的碰撞，能够看到同学们独到的见解和许多新想法，有利于同学们分析案例和实际问题，有利于同学们将民事诉讼法和实际生活联系起来。这个慕课非常好 谢...
9,http://www.icourse163.org/course/swupl-1002084012,2017041008陈琼,www.icourse163.org/home.htm?userId=1387216231,5,老师在课堂上讲解详细，课堂生动有趣。课后可以看视频复习预习，紧跟教学进度。课后做练习题可以帮助巩固知识。
9,http://www.icourse163.org/course/swupl-1002084012,张2017041147曾琴娅,www.icourse163.org/home.htm?userId=1387141821,5,这个课程非常有助于课后学习民事诉讼，跟着视频学习能够查漏补缺，可以用以预习或及时巩固知识点，老师的讲解也非常清晰易懂，课后的小测验能够让人做到学以致用，更能加深对知识点的理解，非常不错！
9,http://www.icourse163.org/course/swupl-1002084012,2017012003林颖,www.icourse163.org/home.htm?userId=1387823466,5,老师讲的很好，有助于我课后巩固哈哈
9,http://www.icourse163.org/course/swupl-1002084012,陈江北2017041226,www.icourse163.org/home.htm?userId=1146539444,5,老师课堂上的讲解非常详细，并且教学内容丰富，让我对民诉诉讼法学有了更多了解，很好的增强了自身的法学素养。
9,http://www.icourse163.org/course/swupl-1002084012,国际法学院-2017121112-李秋雪,www.icourse163.org/home.htm?userId=1387265018,5,课程非常不错啦！讲解舒服、有趣，很容易让人深入到课程内容本身。
9,http://www.icourse163.org/course/swupl-1002084012,2017121129王子康1,www.icourse163.org/home.htm?userId=1387825210,5,内容详实，讲解精彩，重点明确，具有引导性，适合自学、复习和补充学习等，使我受益匪浅。
9,http://www.icourse163.org/course/swupl-1002084012,2017012002陈春晓,www.icourse163.org/home.htm?userId=1387823457,5,课程很好，有的课上没听懂的，可以课下自己学习，提供了很好的平台
9,http://www.icourse163.org/course/swupl-1002084012,2017060191赵丹琨,www.icourse163.org/home.htm?userId=1387329902,5,老师讲课很详实，重点内容也会反复强调，很负责；课后练习重点也很突出，感觉听完课、做完练习对知识点的掌握更加牢固，理解更加深刻了；课堂讨论更增加了学习的趣味性，学生在讨论中也提升了自己。
9,http://www.icourse163.org/course/swupl-1002084012,2017071067陆洁,www.icourse163.org/home.htm?userId=1145431003,5,很不错。视频配合课件和习题，可以帮助我们巩固知识
9,http://www.icourse163.org/course/swupl-1002084012,黄2017041402黎明娜,www.icourse163.org/home.htm?userId=1387996970,5,老师授课条理清楚，层次分明。课后习题有利于巩固当日学习的知识，讨论功能为我们提供了更广阔的学习平台！非常棒了
9,http://www.icourse163.org/course/swupl-1002084012,张晓薇2017041081熊思雨,www.icourse163.org/home.htm?userId=1389241833,5,老师讲课很细致，重点都会反复强调，解释的非常清楚。
9,http://www.icourse163.org/course/swupl-1002084012,赵2017131074徐苏,www.icourse163.org/home.htm?userId=1148140348,5,课程安排清晰有条理，视频教学通俗易懂，课后习题帮助及时巩固，老师讲的幽默生动，还可以在讨论区有针对性的提出自己的看法，真是一个促进我们学习民事诉讼法学的良好平台！
9,http://www.icourse163.org/course/swupl-1002084012,夏紫薇2017081210,www.icourse163.org/home.htm?userId=1387216447,5,教学视频讲解清晰易懂！
9,http://www.icourse163.org/course/swupl-1002084012,2017132020林凯霖,www.icourse163.org/home.htm?userId=1387239531,5,课程内容详实，老师讲课生动，配备的课后习题、课堂讨论有助于加深理解、辨析难点重点。
9,http://www.icourse163.org/course/swupl-1002084012,2017041198陈傲翔,www.icourse163.org/home.htm?userId=1139870452,5,老师讲的很好，重点突出，详略得到，有很多扩充的内容，对民诉的学习很有帮助！
9,http://www.icourse163.org/course/swupl-1002084012,赵2016111211包青青,www.icourse163.org/home.htm?userId=1387432012,5,老师仪表整洁，发音清晰，讲课条理清楚，让学生有良好的学习体验。课件内容丰富，重点鲜明，讲课过程中以出现选择题的方式来与学生互动，增加学生的学习兴趣。课后测试紧密贴合司考真题，给学生带来不一般的体验的同时，也帮助学生巩固知识。课堂交流区百家齐放，大家可以各抒己见，畅快交流。老师参加讨论，耐心的为每一位同学答疑解惑。这门课程非常实用，力荐。
9,http://www.icourse163.org/course/swupl-1002084012,2017041041赵薇,www.icourse163.org/home.htm?userId=1387838618,5,教学视频通俗易懂，课后测验很有针对性，对我的学习有很大的帮助
9,http://www.icourse163.org/course/swupl-1002084012,隆可昕2017102201,www.icourse163.org/home.htm?userId=1027951503,5,课程详实丰富，重点突出，平实易懂，学完后对民事诉讼法的认识更上一层！配有导师在课后的讨论与练习，解答问题细致入微，课程讨论参与度极高。学习氛围融洽，西政不愧是法学界的黄埔军校！牢记西政精神，继往开来，吾辈当先，愿齐心协力，共铸西政明日的辉煌！
9,http://www.icourse163.org/course/swupl-1002084012,2017041291严志贤,www.icourse163.org/home.htm?userId=1385370015,5,思路清晰，内容丰富，语言简练，老师具有人格魅力，增强了学习的兴趣，有助于学生对民诉的进一步研究！
9,http://www.icourse163.org/course/swupl-1002084012,基层法实2017102034朱洁,www.icourse163.org/home.htm?userId=1387244168,5,老师很用心，讲解清晰，重点突出，很棒！
9,http://www.icourse163.org/course/swupl-1002084012,国-王-2017121113-覃红艳,www.icourse163.org/home.htm?userId=1386433763,5,民诉的幕课无论是从视频、作业或者是课堂讨论区的质量都是非常好的，能够最大程度的带动学生学习思考民诉相关知识
9,http://www.icourse163.org/course/swupl-1002084012,宋冬梅2017041325,www.icourse163.org/home.htm?userId=1387115173,5,老师们讲课思路很清楚，讲授内容也很具体到位。
9,http://www.icourse163.org/course/swupl-1002084012,国际法2017121103金文杰,www.icourse163.org/home.htm?userId=1387280011,5,老师讲解思路清晰明了，讲解方法自己能很好的接受，重点突出，能学到很多专业知识以及课本外的知识。同时锻炼了我们的思维能力。课件可以下载利用起来，利于我们学习和复习。观看视频，没懂的知识点可以反复观看，听老师讲解。
9,http://www.icourse163.org/course/swupl-1002084012,2017041237唐育平,www.icourse163.org/home.htm?userId=1387434042,5,我觉得民事诉讼法这门课程本身就比较贴近生活，与我们的生活息息相关，我们应该学好这门课程，老师讲解的十分细致，生动形象，并且通过其他方式更加加深了我们对这门课程的了解，非常好。
9,http://www.icourse163.org/course/swupl-1002084012,2017121236颜裔卓1,www.icourse163.org/home.htm?userId=1387129346,5,老师授课的方式非常适合我们，根据本课程知识结构的特点，重点突出，层次分明，理论和实际相结合，条理清晰，使我获益良多！
9,http://www.icourse163.org/course/swupl-1002084012,段李-邓昭敏,www.icourse163.org/home.htm?userId=1034795589,5,老师授课生动形象，条理清晰，重点突出，最重要的是干货满满。课件制作很用心，可以很好达到很好的复习效果。课后习题精挑细选，可以达到较好的巩固效果。五星好评！强烈推荐！
9,http://www.icourse163.org/course/swupl-1002084012,2017121099李炅岳1,www.icourse163.org/home.htm?userId=1387122971,5,老师讲课重点鲜明，内容精炼，条理清晰层次分明。学理和实务结合，课内与实践联系，在剖析理论的同时启发同学思考。使用慕课软件评分，标准统一客观公正，深得人心。
9,http://www.icourse163.org/course/swupl-1002084012,张晓薇2017041129李芳,www.icourse163.org/home.htm?userId=1384151505,5,授课思路很清晰，还有配套的课件可以下载，老师讲解的很好，同时有相应的练习可以巩固知识，加深记忆，这个课程很棒。
9,http://www.icourse163.org/course/swupl-1002084012,李2017121232吴文杰,www.icourse163.org/home.htm?userId=1145867549,4,课程讲解具有明显的重点突出性，根据视频讲解的内容可以明确把握每章节的重点难点以及考察范围，对学生而言，具有明确的知识指向性；但是，对于一些相对不够重要的细小知识点涉及不是很多，还需要自己仔细阅读教材，自觉掌握。
9,http://www.icourse163.org/course/swupl-1002084012,国-王-2017121049-宁哲,www.icourse163.org/home.htm?userId=1386400938,5,教学内容清晰而有条理，通过每一小节八分钟左右的课程，使学习者在轻松的氛围中掌握了核心知识，同时感受到不同老师的教学风格，有助于提升对民事诉讼法的学习兴趣。
9,http://www.icourse163.org/course/swupl-1002084012,李2017071057何曼,www.icourse163.org/home.htm?userId=1386344801,5,通过慕课可以提前学习与课程相关的知识，相当于课前预习和课后复习。
9,http://www.icourse163.org/course/swupl-1002084012,国-王-2017121100-李健,www.icourse163.org/home.htm?userId=1387228426,5,课上听了，课下还能借助慕课来强化一下记忆，而且还能通过提问的方式进行更加深入的理解。
9,http://www.icourse163.org/course/swupl-1002084012,2017041159佘宇扬,www.icourse163.org/home.htm?userId=1145639680,5,很棒很有用
9,http://www.icourse163.org/course/swupl-1002084012,张2017081011江雨檐,www.icourse163.org/home.htm?userId=1387143666,5,课程设计非常科学，老师非常专业，配套的练习也很到位，能够的学习新知识巩固旧知识，非常棒的课程！
9,http://www.icourse163.org/course/swupl-1002084012,包2017041313刘菁,www.icourse163.org/home.htm?userId=1387131079,5,作为课后补充，老师讲的很全面，上课风趣吸引人，完善了知识点，很好
9,http://www.icourse163.org/course/swupl-1002084012,黄行2017041279谭美玲,www.icourse163.org/home.htm?userId=1143745632,5,好！棒！牛！
9,http://www.icourse163.org/course/swupl-1002084012,王伊冬,www.icourse163.org/home.htm?userId=1386001490,5,老师们讲的细致周全，逻辑系统性很强，讨论回复认真，答疑详细
9,http://www.icourse163.org/course/swupl-1002084012,唐利勤2017041233,www.icourse163.org/home.htm?userId=1386539890,5,老师讲课超级好 每一章重点内容清晰能让同学们准确把握知识框架非常有利于我们对于民诉的学习啦
9,http://www.icourse163.org/course/swupl-1002084012,国-王-2017121141陈星樾,www.icourse163.org/home.htm?userId=1386033508,5,重难点突出，讲解清晰便于理解
9,http://www.icourse163.org/course/swupl-1002084012,何敏2017041346,www.icourse163.org/home.htm?userId=1385831065,5,特别喜欢段文波老师的讲课风格  喜欢上段老师的课，真滴很不错哇。
9,http://www.icourse163.org/course/swupl-1002084012,2017121153盛昳涵1,www.icourse163.org/home.htm?userId=1387106706,5,可以作为平时课堂学习后的补充。
9,http://www.icourse163.org/course/swupl-1002084012,2017041265曾雨桐,www.icourse163.org/home.htm?userId=1385815562,5,视频时间都不长，可以利用零碎的时间进行学习，也不会出现因长时间观看视频产生的疲惫感，在短短几分钟内， 老师就重要的知识点进行讲解，可以补充上课没有听懂的知识点。
9,http://www.icourse163.org/course/swupl-1002084012,江艳萍2017041387,www.icourse163.org/home.htm?userId=1387125768,5,老师颜值与实力兼备，讲得很好，我学会了很多！
9,http://www.icourse163.org/course/swupl-1002084012,国-王-2017121038-王瑶兰,www.icourse163.org/home.htm?userId=1385998549,5,内容充实，老师讲授条理清晰，补充了很多课堂上没有的内容，对学习民诉有很大的帮助。
9,http://www.icourse163.org/course/swupl-1002084012,2017041060蒋宇,www.icourse163.org/home.htm?userId=1385831049,5,每个单元都有及时的真题来进行复习反馈，章节内容完备，很棒，继续加油呀！
9,http://www.icourse163.org/course/swupl-1002084012,2017012047周浪,www.icourse163.org/home.htm?userId=1387825249,5,挺不错的，很好用
9,http://www.icourse163.org/course/swupl-1002084012,2017101009王天睿1,www.icourse163.org/home.htm?userId=1387689403,5,很好，我们推荐的课程。
9,http://www.icourse163.org/course/swupl-1002084012,胡旎璇2017041401,www.icourse163.org/home.htm?userId=1387218423,5,老师讲的很好，都很认真，算是课堂内外的精华总结！
9,http://www.icourse163.org/course/swupl-1002084012,田钦兰2017041218,www.icourse163.org/home.htm?userId=1385984422,5,讲解内容完整丰富，讲解方式生动有趣，课件制作精美，课后习题灵活多变，课堂讨论案例选取较好，老师都很认真负责。
9,http://www.icourse163.org/course/swupl-1002084012,段李于诗雨2017041283,www.icourse163.org/home.htm?userId=1387114754,5,特别好~老师讲得很细~
9,http://www.icourse163.org/course/swupl-1002084012,段刘运婷2017041392,www.icourse163.org/home.htm?userId=1387109809,5,老师讲课幽默诙谐，重难点重点讲解，简明易懂！
9,http://www.icourse163.org/course/swupl-1002084012,段李吴卓亭2017041045,www.icourse163.org/home.htm?userId=1385832041,5,这门课很好，内容很丰富，也符合本科生的水平，给了大家一个课余学习的渠道。
9,http://www.icourse163.org/course/swupl-1002084012,段文波行政法谭艳2017041146,www.icourse163.org/home.htm?userId=1387109578,5,老师讲得特别细，听了很有收获。
9,http://www.icourse163.org/course/swupl-1002084012,段李张静余2017041322,www.icourse163.org/home.htm?userId=1145434142,5,老师就重点的知识进行了讲解，很好！
9,http://www.icourse163.org/course/swupl-1002084012,谷婧2017060061,www.icourse163.org/home.htm?userId=1385826448,5,老师们都讲的非常好。内容条理清晰、详略得当，讲解生动形象。让我能在课余时间巩固所学知识，并通过练习反思自己的不足之处。
9,http://www.icourse163.org/course/swupl-1002084012,葛琳颖2017041390,www.icourse163.org/home.htm?userId=1385833878,5,老师讲的很详细，拓展了很多知识，非常启发思维~
9,http://www.icourse163.org/course/swupl-1002084012,段陈骏逸2017041094,www.icourse163.org/home.htm?userId=1387428481,5,课程很好，调理清晰明了，老师讲得生动活波。学到很多。
9,http://www.icourse163.org/course/swupl-1002084012,班向超2017041200,www.icourse163.org/home.htm?userId=1387147247,5,很实用，超级棒
9,http://www.icourse163.org/course/swupl-1002084012,曹文李修涵2017041156,www.icourse163.org/home.htm?userId=1387436781,5,感觉很好！强力推荐！
9,http://www.icourse163.org/course/swupl-1002084012,蒋雨君2017041099,www.icourse163.org/home.htm?userId=1387148718,5,老师讲课讲得很好～课件也很详细～学到了很多知识～
9,http://www.icourse163.org/course/swupl-1002084012,王冬张超洋2017041288,www.icourse163.org/home.htm?userId=1137061046,5,很好，老师很有气质。
9,http://www.icourse163.org/course/swupl-1002084012,行政法学院2017041347张永爱,www.icourse163.org/home.htm?userId=1387359511,5,超级棒的慕课，内容由浅入深，讲解引人入胜，讨论发人深省，学生获益良多。
9,http://www.icourse163.org/course/swupl-1002084012,刘胡朱丽芸2017041406,www.icourse163.org/home.htm?userId=1387112882,5,老师讲课很棒，很有趣，同时逻辑性也很强，很连贯，帮助我们更好地学习民事诉讼法
9,http://www.icourse163.org/course/swupl-1002084012,国际法-2017121109-周颖,www.icourse163.org/home.htm?userId=1387235859,5,课程内容组织科学合理，老师的授课方式也很适合我们，特别清晰。通过课程学习，我也大致对民事诉讼的流程有了基本的了解，并且对之后的学习充满兴趣。
9,http://www.icourse163.org/course/swupl-1002084012,2017041442蒋蔚岭,www.icourse163.org/home.htm?userId=1387973744,5,老师讲课简明扼要，突出重点！案例讨论很有趣，贴近生活~作业都是司考原题，帮助我们提前知悉司考难度，掌握相应的重点
9,http://www.icourse163.org/course/swupl-1002084012,李凌段文波范翠影2017051122,www.icourse163.org/home.htm?userId=1386313056,5,课程很棒，根据测验可以查漏补缺
9,http://www.icourse163.org/course/swupl-1002084012,王欣雨2017041298,www.icourse163.org/home.htm?userId=1387120547,5,课程思路清晰，老师认真负责！
9,http://www.icourse163.org/course/swupl-1002084012,2017041213王鸿杰,www.icourse163.org/home.htm?userId=1386129725,5,老师们辛苦了~
9,http://www.icourse163.org/course/swupl-1002084012,行政法高思晴2017090215,www.icourse163.org/home.htm?userId=1385832980,5,老师的讲解生动形象，条理清晰，点拨难点。配套的作业和测验帮助巩固知识点，突出注意点，使我们循序渐进地学习民诉知识，受益匪浅。
9,http://www.icourse163.org/course/swupl-1002084012,段李魏梦弟2017041165,www.icourse163.org/home.htm?userId=1385831059,5,课讲的很好。
9,http://www.icourse163.org/course/swupl-1002084012,张晓薇2017041053田艳,www.icourse163.org/home.htm?userId=1387105165,5,老师们都讲得特别好，让我在课下也可以自己学习！
9,http://www.icourse163.org/course/swupl-1002084012,行王胡曦丹2017081153,www.icourse163.org/home.htm?userId=1387216466,5,很好的课程，讨论很有意义，讲解条理清晰 。
9,http://www.icourse163.org/course/swupl-1002084012,国-王-2017121195-陈梦,www.icourse163.org/home.htm?userId=1387224736,5,民诉老师人真的很好了，不仅美丽善良，课也讲的很精彩，为老师打call！
9,http://www.icourse163.org/course/swupl-1002084012,李凌行政法学院任建芳2017041055,www.icourse163.org/home.htm?userId=1385824634,5,老师上课讲的很流利，逻辑连贯，讲课方式很有趣，极大的调动了我学习的兴趣。
9,http://www.icourse163.org/course/swupl-1002084012,国-王-2017121196-蒋茜,www.icourse163.org/home.htm?userId=1387225633,5,嘻嘻，特别适合我这种上课不小心走了神，下课需要抢救的同学～
9,http://www.icourse163.org/course/swupl-1002084012,国际法-王-2017121208-张永森,www.icourse163.org/home.htm?userId=1387225674,5,课程内容安排到位，老师讲解严肃活泼，知识点详略得当，不愧为我校精品课
9,http://www.icourse163.org/course/swupl-1002084012,包2017041164徐可欣,www.icourse163.org/home.htm?userId=1151692616,5,满分满分，讲得好
9,http://www.icourse163.org/course/swupl-1002084012,周华瑞2017041348,www.icourse163.org/home.htm?userId=1387218346,5,老师讲的很认真还有配套的课件供复习使用
9,http://www.icourse163.org/course/swupl-1002084012,2017121200李金芮莎1,www.icourse163.org/home.htm?userId=1149807593,5,各位老师讲解的都很好，知识点讲解到位，通俗易懂。
9,http://www.icourse163.org/course/swupl-1002084012,黄行2017041087陈佳欣,www.icourse163.org/home.htm?userId=1387432420,5,挺不错的，课堂内容丰富，师生讨论精彩。
9,http://www.icourse163.org/course/swupl-1002084012,柯晨亮2017041423,www.icourse163.org/home.htm?userId=1138098341,5,简洁明了，知识通透。
9,http://www.icourse163.org/course/swupl-1002084012,2017041268蒋锦雯,www.icourse163.org/home.htm?userId=1387114955,5,老师的讲课都非常清楚明白，很多细节都有涉及到，PPT资料也非常全，不管是预习还是复习都有很大的帮助。
9,http://www.icourse163.org/course/swupl-1002084012,2017041261李春蓉,www.icourse163.org/home.htm?userId=1387127464,5,老师讲的很仔细，问题解释的很清楚，对自己学习很有帮助！！
9,http://www.icourse163.org/course/swupl-1002084012,国-王-2017121080-项可诺,www.icourse163.org/home.htm?userId=1387925157,5,讲的很详细！大纲也非常清晰，对民事诉讼法的学习非常有帮助
9,http://www.icourse163.org/course/swupl-1002084012,2017102090刘佳琦1,www.icourse163.org/home.htm?userId=1386904183,5,老师讲课认真负责，听后茅塞顿开，课后布置的问题也引人思考，拓展思维的宽度和广度，非常赞!翻转课堂的使用改变了传统教学方法，是学生们学到更多，将教学与互联网完美结合，实在是完美!
9,http://www.icourse163.org/course/swupl-1002084012,国际法-王斌-2017121054-董嘉麟,www.icourse163.org/home.htm?userId=1387233029,5,老师讲的非常细致，每节课还有很详细的课件，便于之后复习，棒！！！！！
9,http://www.icourse163.org/course/swupl-1002084012,东篱12323,www.icourse163.org/home.htm?userId=1386002125,5,老师们讲的很详细设置的练习含金量也很高
9,http://www.icourse163.org/course/swupl-1002084012,2017121020郑吉祥,www.icourse163.org/home.htm?userId=1387111202,5,老师们备课很充分，PPT制作精美，讲课很细致，能让学生更好的理解与学习，是我们喜欢的style。赞！
9,http://www.icourse163.org/course/swupl-1002084012,2017121148秦静怡,www.icourse163.org/home.htm?userId=1387178859,5,老师教学经验非常丰富，条理也非常清晰，讲得很好！
9,http://www.icourse163.org/course/swupl-1002084012,2017103023夏思航1,www.icourse163.org/home.htm?userId=1386905707,5,老师讲的都超级棒 !内容详细且易懂 !非常适合学习 !
9,http://www.icourse163.org/course/swupl-1002084012,2017041353钱欣怡,www.icourse163.org/home.htm?userId=1387432203,5,超级棒！该课程授课专业，内容广泛，老师讲课逻辑清晰，条理清楚，让我很容易就可以掌握知识要点。
9,http://www.icourse163.org/course/swupl-1002084012,2017121227王玉婷1,www.icourse163.org/home.htm?userId=1387149316,5,老师讲的很好啊～
9,http://www.icourse163.org/course/swupl-1002084012,2017012030-李宏玲,www.icourse163.org/home.htm?userId=1387825279,5,老师们讲解的很好，通过课程视频，能重新回顾一下课堂内容，补充一下上课没有讲到的知识。
9,http://www.icourse163.org/course/swupl-1002084012,2017121234朱珍谊1,www.icourse163.org/home.htm?userId=1386109343,5,老师讲课清晰明了，分析透彻，案例与理论并行，获益匪浅！
9,http://www.icourse163.org/course/swupl-1002084012,张晓薇付天宇2017041070,www.icourse163.org/home.htm?userId=1387151005,5,老师讲解认真，知识点分析透彻。还有ppt以供课下复习。每节课都有课后习题，可以查漏补缺，巩固知识。总而言之，这是一款非常棒的课程。
9,http://www.icourse163.org/course/swupl-1002084012,2017121015沈晨1,www.icourse163.org/home.htm?userId=1387132826,5,很好，有助于日常课程的学习！
9,http://www.icourse163.org/course/swupl-1002084012,曹陈纯2017041076,www.icourse163.org/home.htm?userId=1387124376,5,PPT很全 很系统，老师讲的也很有典型代表性。
9,http://www.icourse163.org/course/swupl-1002084012,廖礼2017041100,www.icourse163.org/home.htm?userId=1387434051,5,老师讲课思路很清晰，备课很充分，同时也能把法学理论同司法实物相结合，给学生们进行讲解，每次课前都提供了案例视频供学生们观看学习，并且结合所学知识进行讨论，让学生们能够学以致用。
9,http://www.icourse163.org/course/swupl-1002084012,助教丁志梅,www.icourse163.org/home.htm?userId=1387035688,5,老师们讲的都很好!简单清晰明了~
9,http://www.icourse163.org/course/swupl-1002084012,行2017041362陈吉海,www.icourse163.org/home.htm?userId=1387431753,5,老师经验丰富，条理清晰，对我的学习帮助很大，十分感谢
9,http://www.icourse163.org/course/swupl-1002084012,2017121006汪田榆,www.icourse163.org/home.htm?userId=1386015957,5,老师教学经验丰富，内容简明扼要，可以查漏补缺。
9,http://www.icourse163.org/course/swupl-1002084012,2017121197李芷仪,www.icourse163.org/home.htm?userId=1147732696,5,老师授课深入浅出！条理清晰！对学生学习帮助很大！
9,http://www.icourse163.org/course/swupl-1002084012,行王罗陶2017041052,www.icourse163.org/home.htm?userId=1387214745,5,讲得很好！
9,http://www.icourse163.org/course/swupl-1002084012,张建_2017041242,www.icourse163.org/home.htm?userId=1137755113,4,挺好，支持
9,http://www.icourse163.org/course/swupl-1002084012,2017102058徐晓海1,www.icourse163.org/home.htm?userId=1386006846,5,非常好，老师讲的也很清晰，深入浅出！
9,http://www.icourse163.org/course/swupl-1002084012,张2017041130王雪琳,www.icourse163.org/home.htm?userId=1387932829,5,内容很好，清晰易懂，要点充实。课后习题能够更好的使我们掌握知识，非常好
9,http://www.icourse163.org/course/swupl-1002084012,谢晓芳2017121145,www.icourse163.org/home.htm?userId=1145439864,5,非常好，老师的讲解中既有基础知识架构，又兼顾了重难点。课堂测验和讨论的话题也十分有意思。
9,http://www.icourse163.org/course/swupl-1002084012,梁懿格2017041314,www.icourse163.org/home.htm?userId=1139827601,5,众多大拿讲课，内容深刻丰富又让人容易理解吸收，赞。
9,http://www.icourse163.org/course/swupl-1002084012,2017121164陈倩倩,www.icourse163.org/home.htm?userId=1142926534,5,老师备课充分，讲解内容重点突出，要点清晰，还能给我们提供额外的知识，讨论和作业也与生活息息相关，发散思维，有助于思考
9,http://www.icourse163.org/course/swupl-1002084012,行王陈劲竹2017041103,www.icourse163.org/home.htm?userId=1387219170,5,老师备课充分，讲课条理清晰，理论和实践相结合，超级好！
9,http://www.icourse163.org/course/swupl-1002084012,行王禹诗烨2017041435,www.icourse163.org/home.htm?userId=1387215528,5,老师们准备得很认真也很充分，带领着我们很好地学习了民诉。
9,http://www.icourse163.org/course/swupl-1002084012,国-王-201712059-徐梦航,www.icourse163.org/home.htm?userId=1387232160,5,老师讲课很棒，通俗易懂，收益颇丰
9,http://www.icourse163.org/course/swupl-1002084012,国-王-2017121144-于舒瑶,www.icourse163.org/home.htm?userId=1387233939,5,课程内容很丰富，讲解详实，可以作为课下自学或者复习的参考补充。
9,http://www.icourse163.org/course/swupl-1002084012,国-王-2017121123-余璇,www.icourse163.org/home.htm?userId=1148080537,5,老师上课认真耐心，非常擅长体系化地给我们讲知识点，同时穿插有趣的实例帮助我们理解知识疑难点，因此每次课后对上课内容都特别印象深刻，但是民诉法里的内容也非常多，所以上课内容的深化还是需要作为学生的我们自己发掘。
9,http://www.icourse163.org/course/swupl-1002084012,国-王-2017121230-冉悦,www.icourse163.org/home.htm?userId=1387227516,5,视频课程与作业习题相结合，便于同学们更好地理解知识；开设讨论区，有利于大家相互交流，观点的碰撞从而使得同学们更全面地看待问题，热点问题使得同学们将知识与实践相联系，从而获得更深刻的理解；配套试题，也为大家提供了知识自测平台，自我检验，查漏补缺！
9,http://www.icourse163.org/course/swupl-1002084012,2017121111吴婧,www.icourse163.org/home.htm?userId=11273030,5,老师讲课生动形象，理论与实际结合，有助于理解记忆!
9,http://www.icourse163.org/course/swupl-1002084012,国-王-2017121027-安映蓉,www.icourse163.org/home.htm?userId=1387256639,5,老师讲课内容完整，结构清晰，对于重点和难点的讲解也让同学们能理解，对我们的民事诉讼法的学习有很大帮助。
9,http://www.icourse163.org/course/swupl-1002084012,2017121028-杨小凤-法五,www.icourse163.org/home.htm?userId=1385696512,5,王斌老师上课主要根据法条，还会辅之以生活中的案例，让内容更清晰明白化，会补充很多教材上没有的内容，和学生有互动，喜欢她，就是有时候上课内容太多，容易分散注意力，但总的来说还好#^_^#
9,http://www.icourse163.org/course/swupl-1002084012,2017041197周煜淳,www.icourse163.org/home.htm?userId=1387128402,5,老师讲的很好，还有配套的练习，对于课程的学习帮助很大！
9,http://www.icourse163.org/course/swupl-1002084012,国-王-2017121184-许卓镕,www.icourse163.org/home.htm?userId=1387228499,5,老师真好！老师真美！我爱老师！上课有条理，逻辑清晰，给我的学习指明了方向，谢谢老师！
9,http://www.icourse163.org/course/swupl-1002084012,国-王-彭孟翰-2017121209,www.icourse163.org/home.htm?userId=1149712941,5,1.将繁重的课程分成了简短的几节课，占用时间不多，利于学生在空余时间学习。2.老师水平很高，讲课深入浅出，能在短短的十分钟左右内讲授出重点。3.学习氛围浓厚，课堂讨论区学生们讨论得很火热，老师也会经常加入进来，为同学们答疑解惑，利于学生们对讲课内容的充分吸收。
9,http://www.icourse163.org/course/swupl-1002084012,国-王-2017121190-,www.icourse163.org/home.htm?userId=1029139697,5,老师的知识点清晰，课程分布合理，易于理解，值得听
9,http://www.icourse163.org/course/swupl-1002084012,国-王-2017121084-向玫,www.icourse163.org/home.htm?userId=1386004528,5,老师讲的内容生动易懂，很好。
9,http://www.icourse163.org/course/swupl-1002084012,付琳2017041310,www.icourse163.org/home.htm?userId=1387106983,5,讲的很棒！
9,http://www.icourse163.org/course/swupl-1002084012,国-2017121160-唐涓,www.icourse163.org/home.htm?userId=1386114130,5,很方便学习
9,http://www.icourse163.org/course/swupl-1002084012,卢明霞2017041119,www.icourse163.org/home.htm?userId=1387109429,5,课程内容完整 很好的。
9,http://www.icourse163.org/course/swupl-1002084012,侯新楠2017041031,www.icourse163.org/home.htm?userId=1387374996,5,能学到很多知识 受益匪浅 同时每讲后有练习 可巩固所学知识 很有用。
9,http://www.icourse163.org/course/swupl-1002084012,2017041062孙传铭,www.icourse163.org/home.htm?userId=1387154001,5,课程设置合理，难易程度适中，规划符合我们的生活，教学质量有较高水平，很不错。
9,http://www.icourse163.org/course/swupl-1002084012,包冰锋潘欣婷2017041350,www.icourse163.org/home.htm?userId=1387132837,5,课程设计合理，配套练习有针对性，老师讲解生动容易理解，值得加入学习。
9,http://www.icourse163.org/course/swupl-1002084012,国-王-陈怡玮-2017121075,www.icourse163.org/home.htm?userId=1387228474,5,网课制作的很好，老师们讲的很生动，中间老师还用电影里面的例子来讲课，不愧是西政的老师，真的是讲的很好很好，给老师们五星级赞
9,http://www.icourse163.org/course/swupl-1002084012,国-王-2017121205-刘宗艺,www.icourse163.org/home.htm?userId=1387260940,5,内容丰富，老师讲的很精练，习题也不错。
9,http://www.icourse163.org/course/swupl-1002084012,2017041137学生刘仁文,www.icourse163.org/home.htm?userId=1387126504,5,课程设计合理，配套训练齐全，老师认真负责，整体效果明显。
9,http://www.icourse163.org/course/swupl-1002084012,国-王-2017121143-刘琦,www.icourse163.org/home.htm?userId=1386080757,5,老师们讲得都很清楚，视频短小，但是内容丰富，可以随时随地学习，方便了学生，另外视频中也有适当的拓展，可以在书上补补笔记，思路特别清晰。
9,http://www.icourse163.org/course/swupl-1002084012,国-王-2017121127-徐浩,www.icourse163.org/home.htm?userId=1144776797,5,老师讲课很认真，条理清晰。值得一学。
9,http://www.icourse163.org/course/swupl-1002084012,国-王-2017121041-陈子傲,www.icourse163.org/home.htm?userId=1387223740,5,视频和课件真的都干货满满   加油学民诉啦(ง •̀_•́)ง
9,http://www.icourse163.org/course/swupl-1002084012,2017041345卢梦琳,www.icourse163.org/home.htm?userId=1387130395,5,老师们讲得很好，风趣幽默、思路清晰、易于理解。视频配合课件的学习方式对知识点的掌握有很大帮助，习题也很有针对性。很喜欢这门课程。
9,http://www.icourse163.org/course/swupl-1002084012,黄远霞2017041326,www.icourse163.org/home.htm?userId=1387154120,5,受益匪浅，十分优秀。
9,http://www.icourse163.org/course/swupl-1002084012,国_王_2017121117-董艺,www.icourse163.org/home.htm?userId=1387224730,5,老师们讲课的内容很丰富，有条理，可以让我们很容易就形成清晰的知识框架，而且有配套的PPT课件，更方便了我们平时的学习。
9,http://www.icourse163.org/course/swupl-1002084012,国际法-2017121081-史悦,www.icourse163.org/home.htm?userId=1385578126,5,"老师讲课生动有趣，深入浅出；同时还有与视频配套的ppt,可以帮助我们更好的复习和理解相关内容；课后的讨论与作业也能加深对知识的认识。"
9,http://www.icourse163.org/course/swupl-1002084012,王婷婷2017041206刘昊狄,www.icourse163.org/home.htm?userId=1387126430,5,还是很喜欢这个课，感觉能随时随地学习民诉法方面的知识，非常适合在课下对自己进行补充
9,http://www.icourse163.org/course/swupl-1002084012,国际法-2017121026-吴伊婷,www.icourse163.org/home.htm?userId=1387228369,5,老师深入浅出，讲得很透，还有配课PPT喜欢直接看文字版的也有不同选择。最近老师出的讨论：法院vs医院很有意思，即考察了基本知识又有思维的发散。谢谢每一位民诉课程的老师为我们带来一堂精品法律课程。
9,http://www.icourse163.org/course/swupl-1002084012,国-王-2017121178-董磊,www.icourse163.org/home.htm?userId=1387224737,5,老师讲的真好，细致入微，逻辑清晰，语言流畅，举例得当，收放自如。希望大家都来听老师讲课啊。
9,http://www.icourse163.org/course/swupl-1002084012,国-王-楼姻妃-2017121025,www.icourse163.org/home.htm?userId=1014159481,5,老师们上课逻辑清晰，很专业很认真，课件也做的很精美！赞！
9,http://www.icourse163.org/course/swupl-1002084012,国-王-2017121239-林蓉,www.icourse163.org/home.htm?userId=1032190591,5,老师课件很详细，调理清晰，对我帮助很大。
9,http://www.icourse163.org/course/swupl-1002084012,2017121180黄民原,www.icourse163.org/home.htm?userId=1386001153,5,教学严谨而不失幽默，课业明细又不至繁重
9,http://www.icourse163.org/course/swupl-1002084012,2017041082颜硕,www.icourse163.org/home.htm?userId=1386178148,5,受益匪浅，课件和视频做得都很好，题目也能巩固知识，有助于民事诉讼法的学习
9,http://www.icourse163.org/course/swupl-1002084012,国-王-李梓鸿-2017121211,www.icourse163.org/home.htm?userId=1387231399,5,民诉老师都非常好！讲得生动有趣！真的很厉害！
9,http://www.icourse163.org/course/swupl-1002084012,含钰,www.icourse163.org/home.htm?userId=1387107506,5,老师很好，讲的也很好，作业量也恰到好处，学的很懂。
9,http://www.icourse163.org/course/swupl-1002084012,2017041143张艳,www.icourse163.org/home.htm?userId=1387129391,5,老师讲得特别好，简洁易懂，特别清晰
9,http://www.icourse163.org/course/swupl-1002084012,包冰锋陆奇强2017041205,www.icourse163.org/home.htm?userId=1387134892,5,老师讲的很棒！轻松幽默，讲解也很清晰。
9,http://www.icourse163.org/course/swupl-1002084012,2017041327甘英力,www.icourse163.org/home.htm?userId=1385818058,5,老师讲的很清楚，条理清晰幽默有趣，学到了很多知识
9,http://www.icourse163.org/course/swupl-1002084012,蔡武宏2017041274,www.icourse163.org/home.htm?userId=1390180065,5,讲的很细很深，生动而具体，形象而易记
9,http://www.icourse163.org/course/swupl-1002084012,2017081133蔡鑫鑫,www.icourse163.org/home.htm?userId=1145651876,5,对教材的重点知识讲述的很清晰!
9,http://www.icourse163.org/course/swupl-1002084012,2017041439龚茂哲,www.icourse163.org/home.htm?userId=1387150989,5,老师的讲解很透彻、详细，通俗易懂，课堂知识展开广，对学习民事诉讼法帮助很大。
9,http://www.icourse163.org/course/swupl-1002084012,2017041187张娟,www.icourse163.org/home.htm?userId=1387104339,5,老师很有耐心，讲解问题有根有据！
9,http://www.icourse163.org/course/swupl-1002084012,2017041324孙玉凤,www.icourse163.org/home.htm?userId=1387105407,5,老师讲解好，有问题回复快，及时解决疑惑，有耐心，赞！
9,http://www.icourse163.org/course/swupl-1002084012,2017041315田颖,www.icourse163.org/home.htm?userId=1387449777,5,老师讲的非常清楚，习题跟进，有益学习！
9,http://www.icourse163.org/course/swupl-1002084012,2017041342胡一杰,www.icourse163.org/home.htm?userId=1387106960,5,老师讲解耐心，认真负责，很棒
9,http://www.icourse163.org/course/swupl-1002084012,李行2017041054欧中春,www.icourse163.org/home.htm?userId=1387434055,5,可以拓宽知识，老师讲解也非常详细，很容易理解。
9,http://www.icourse163.org/course/swupl-1002084012,张晓薇2017041046陈健,www.icourse163.org/home.htm?userId=1387097747,5,对于法科生来说，该课程内容丰富，很好的结合了教材，但又不拘泥于教材，在介绍了目前法学界的主流观点外，其中还不乏自己的观点看法，值得推荐！！
9,http://www.icourse163.org/course/swupl-1002084012,张晓薇2017041153查佳鑫,www.icourse163.org/home.htm?userId=1015666434,5,很棒！老师讲解的很用心！
9,http://www.icourse163.org/course/swupl-1002084012,2017041449蓝越鑫,www.icourse163.org/home.htm?userId=1137019903,5,课程短小精悍，知识点讲解简洁明了，课后测试巩固知识点，点赞！
9,http://www.icourse163.org/course/swupl-1002084012,2017041296孔温灿,www.icourse163.org/home.htm?userId=1151475944,5,课程内容充实，老师讲解精细，很好！！！
9,http://www.icourse163.org/course/swupl-1002084012,2017041183周虹宇,www.icourse163.org/home.htm?userId=1145047299,5,很棒，老师讲解问题很用心
9,http://www.icourse163.org/course/swupl-1002084012,董睿哲,www.icourse163.org/home.htm?userId=1387107864,5,为西政打call～√视频讲解简明精炼，由浅入深√配套测试和法考真题结合，巩固薄弱环节√讨论区老师耐心答疑解惑，解决学生困扰
9,http://www.icourse163.org/course/swupl-1002084012,张-2017041309-马悦,www.icourse163.org/home.htm?userId=1387547304,5,老师讲的非常耐心，学到了很多东西。以后一定还会坚持用哒。
9,http://www.icourse163.org/course/swupl-1002084012,张晓薇2017090197陈雅仪,www.icourse163.org/home.htm?userId=1385826436,5,视频内容简洁但落实到每一个重要知识点，整体层次分明、结构清晰，非常棒！
9,http://www.icourse163.org/course/swupl-1002084012,2017041403周瑾偲,www.icourse163.org/home.htm?userId=1387128798,5,真好，讲的特别棒
9,http://www.icourse163.org/course/swupl-1002084012,2017041118-何萍,www.icourse163.org/home.htm?userId=1387424732,5,是一位很有学识的教师
9,http://www.icourse163.org/course/swupl-1002084012,包2017041210商巧钰,www.icourse163.org/home.htm?userId=1387368025,5,课程短小精悍，老师们把书上的民诉知识讲解得形象易懂，并运用了大量实务上的例子让同学们增强了运用知识的灵活性，赞
9,http://www.icourse163.org/course/swupl-1002084012,段李,www.icourse163.org/home.htm?userId=1387666889,5,老师讲的都很细致，深入浅出，通俗易懂，很好的课程
9,http://www.icourse163.org/course/swupl-1002084012,包冰锋2017041307凌逸蘅,www.icourse163.org/home.htm?userId=1383752055,5,慕课可以让学生随时随地学民诉，视频中的老师也都是非常优秀的法学老师，讲课条理清晰，简明易懂，非常棒。
9,http://www.icourse163.org/course/swupl-1002084012,行赵丁雨欣2017041269,www.icourse163.org/home.htm?userId=1145434912,5,老师的讲解简洁明了，通俗易懂，平时没事都可以看看，课前预习，课后及时巩固
9,http://www.icourse163.org/course/swupl-1002084012,2017041016沈凡,www.icourse163.org/home.htm?userId=1387128603,5,老师讲得很细很透彻，学到了很多，结合课后练习能够很好地掌握这门课程。
9,http://www.icourse163.org/course/swupl-1002084012,包包2017041303张鸿鸽,www.icourse163.org/home.htm?userId=1387840572,5,讲得很好很清晰，老师语速不快，每一个知识点都很透彻，简明扼要，还有比喻和举例帮助理解。
9,http://www.icourse163.org/course/swupl-1002084012,行政法2017041106文嘉,www.icourse163.org/home.htm?userId=1385812799,5,老师的讲解十分清楚，可以作为预习或复习，课堂练习和讨论让学生对民诉法更加理解
9,http://www.icourse163.org/course/swupl-1002084012,包冰锋吴文雯2017041360,www.icourse163.org/home.htm?userId=1387127615,5,讲的很好！看过这个课程可以更好的理解！！
9,http://www.icourse163.org/course/swupl-1002084012,李怡萱2017041408,www.icourse163.org/home.htm?userId=1387359399,5,超棒超棒，课后巩固复习很有用！
9,http://www.icourse163.org/course/swupl-1002084012,包冰锋李超群2017041209,www.icourse163.org/home.htm?userId=1387435860,5,老师说的特别棒，学习到了很多知识，特别好！
9,http://www.icourse163.org/course/swupl-1002084012,2017041072任秋宇,www.icourse163.org/home.htm?userId=1387251786,5,老师讲的很细致，很好！非常喜欢老师的课！
9,http://www.icourse163.org/course/swupl-1002084012,助教郭丹妮,www.icourse163.org/home.htm?userId=1390268832,5,老师讲解很到位，受益匪浅，课程很不错呀！
9,http://www.icourse163.org/course/swupl-1002084012,刘亚兰2017041367,www.icourse163.org/home.htm?userId=1387130631,5,老师讲得真的是很棒，让我学习到了很多呢。
9,http://www.icourse163.org/course/swupl-1002084012,周恺懿2017041138,www.icourse163.org/home.htm?userId=1388570127,5,学到了，老师讲得很棒！
9,http://www.icourse163.org/course/swupl-1002084012,助教张鹏,www.icourse163.org/home.htm?userId=1387037314,5,这个课程非常棒哦！
9,http://www.icourse163.org/course/swupl-1002084012,助教向慧,www.icourse163.org/home.htm?userId=1387037427,5,都是精英教师授课，受益匪浅。
9,http://www.icourse163.org/course/swupl-1002084012,助教-秦梦琪,www.icourse163.org/home.htm?userId=1387037333,5,真棒，讲得真好
9,http://www.icourse163.org/course/swupl-1002084012,助教邵雪1234,www.icourse163.org/home.htm?userId=1387040429,5,老师讲得很好哟。
9,http://www.icourse163.org/course/swupl-1002084012,劲节有高致,www.icourse163.org/home.htm?userId=1387854550,5,课程非常好
9,http://www.icourse163.org/course/swupl-1002084012,LifoPfwuYmooc,www.icourse163.org/home.htm?userId=1389561693,5,时长有点短哦
9,http://www.icourse163.org/course/swupl-1002084012,好好吃快跑啊,www.icourse163.org/home.htm?userId=1016781106,5,认真听过后，西政的老师确实功底深厚，深入浅出，不以司法考试真题为讲解方式，在树立框架、加深理解上，效果很好。拿着法考真题讲，真的很无趣。赞！
9,http://www.icourse163.org/course/swupl-1002084012,mooc1525568507711,www.icourse163.org/home.htm?userId=1140107494,5,内容丰富 专业
9,http://www.icourse163.org/course/swupl-1002084012,Heinede楚潇,www.icourse163.org/home.htm?userId=1029195492,5,老师授课认真，知识点精炼，非常棒
9,http://www.icourse163.org/course/swupl-1002084012,MoocDavidChoi,www.icourse163.org/home.htm?userId=1388802248,5,西政威武！每个老师都讲的非常的好！
9,http://www.icourse163.org/course/swupl-1002084012,bluegria,www.icourse163.org/home.htm?userId=1137910541,5,课程内容清晰，逻辑链条顺畅，老师上课都很有意思，强烈推荐！
9,http://www.icourse163.org/course/swupl-1002084012,chl2000,www.icourse163.org/home.htm?userId=1035839437,5,希望能更多的讲讲案例和有关制度的历史
9,http://www.icourse163.org/course/swupl-1002084012,危险发言,www.icourse163.org/home.htm?userId=1387221252,5,可以碎片化的学习，很人性化
9,http://www.icourse163.org/course/swupl-1002084012,ONEzymooc1528530242357,www.icourse163.org/home.htm?userId=1141554185,5,基础知识扎实
9,http://www.icourse163.org/course/swupl-1002084012,mooc22793041355393958,www.icourse163.org/home.htm?userId=1386091322,5,比较系统比较理论的学习了民事诉讼法，其理论深度比其他网络上针对于法考的民诉法课程要深。
9,http://www.icourse163.org/course/swupl-1002084012,李玲萍,www.icourse163.org/home.htm?userId=1026294206,5,李龙老师讲课声情并茂
9,http://www.icourse163.org/course/swupl-1002084012,行王夏毓婷2017041329,www.icourse163.org/home.htm?userId=1387219192,5,老师讲的很好，很详细
9,http://www.icourse163.org/course/swupl-1002084012,国-王-谭阳-2017121052,www.icourse163.org/home.htm?userId=1386004923,5,希望加入热点案例的讲解
9,http://www.icourse163.org/course/swupl-1002084012,行王刘家琛2017054022,www.icourse163.org/home.htm?userId=1387218402,5,ok的，讲的可以
9,http://www.icourse163.org/course/swupl-1002084012,李2017121062王利月,www.icourse163.org/home.htm?userId=1386343920,5,(σﾟ∀ﾟ)σ⁶⁶⁶⁶⁶⁶⁶⁶⁶⁶
9,http://www.icourse163.org/course/swupl-1002084012,李2017121165李灿,www.icourse163.org/home.htm?userId=1386343804,5,可以呀这个
9,http://www.icourse163.org/course/swupl-1002084012,2017041182-吴子靖,www.icourse163.org/home.htm?userId=1387405372,5,吼啊，支持一个
